record_id,customer_ref,case_type,region
REC-8d919c5b-0001,CUST-0A460734AB,billing,EU
REC-8d919c5b-0002,CUST-DA1AF67F13,identity,US-CA
REC-8d919c5b-0003,CUST-CEE1F596C1,support,NG
REC-8d919c5b-0004,CUST-DAB3AA86BF,billing,EU
REC-8d919c5b-0005,CUST-695E849883,identity,US-CA
REC-8d919c5b-0006,CUST-C9B36845DA,support,NG
REC-8d919c5b-0007,CUST-82C60695D3,billing,EU
REC-8d919c5b-0008,CUST-B92C4FD1B2,identity,US-CA
REC-8d919c5b-0009,CUST-1612FE3138,support,NG
REC-8d919c5b-0010,CUST-982970EF04,billing,EU
REC-8d919c5b-0011,CUST-54F0BA9650,identity,US-CA
REC-8d919c5b-0012,CUST-1A622FE9B6,support,NG
REC-8d919c5b-0013,CUST-27A72B2ECB,billing,EU
REC-8d919c5b-0014,CUST-F9210F8A17,identity,US-CA
REC-8d919c5b-0015,CUST-EF390D4218,support,NG
REC-8d919c5b-0016,CUST-6D47799914,billing,EU
REC-8d919c5b-0017,CUST-DD1C3ECB6A,identity,US-CA
REC-8d919c5b-0018,CUST-8D5ABD954F,support,NG
REC-8d919c5b-0019,CUST-0AF95DE1CE,billing,EU
REC-8d919c5b-0020,CUST-13C7FE3413,identity,US-CA
REC-8d919c5b-0021,CUST-00A0C806FA,support,NG
REC-8d919c5b-0022,CUST-8C468DE0A2,billing,EU
REC-8d919c5b-0023,CUST-E234F8E2A6,identity,US-CA
REC-8d919c5b-0024,CUST-E9D88239BC,support,NG
REC-8d919c5b-0025,CUST-6F280AD954,billing,EU
REC-8d919c5b-0026,CUST-8ED2A65252,identity,US-CA
REC-8d919c5b-0027,CUST-C78944E03C,support,NG
REC-8d919c5b-0028,CUST-B803951EA0,billing,EU
REC-8d919c5b-0029,CUST-52297A4306,identity,US-CA
REC-8d919c5b-0030,CUST-EB39248C4C,support,NG
REC-8d919c5b-0031,CUST-BB6A0407CE,billing,EU
REC-8d919c5b-0032,CUST-E85C650E1E,identity,US-CA
REC-8d919c5b-0033,CUST-415C8A5F15,support,NG
REC-8d919c5b-0034,CUST-BEA720AA25,billing,EU
REC-8d919c5b-0035,CUST-428E25DED2,identity,US-CA
REC-8d919c5b-0036,CUST-C32DCA7DCF,support,NG
REC-8d919c5b-0037,CUST-C2A3DC70C1,billing,EU
REC-8d919c5b-0038,CUST-E88C21CB4B,identity,US-CA
REC-8d919c5b-0039,CUST-D92C3645E2,support,NG
REC-8d919c5b-0040,CUST-135B007B01,billing,EU
REC-8d919c5b-0041,CUST-7EB18D12A2,identity,US-CA
REC-8d919c5b-0042,CUST-AA35776C19,support,NG
REC-8d919c5b-0043,CUST-086EE845F6,billing,EU
REC-8d919c5b-0044,CUST-0C5FF6AC33,identity,US-CA
REC-8d919c5b-0045,CUST-8E51A2C42A,support,NG
REC-8d919c5b-0046,CUST-E7B590524C,billing,EU
REC-8d919c5b-0047,CUST-BB4CA8D7DA,identity,US-CA
REC-8d919c5b-0048,CUST-E626F6FBD5,support,NG
REC-8d919c5b-0049,CUST-696039C33D,billing,EU
REC-8d919c5b-0050,CUST-98A5019EE9,identity,US-CA
REC-8d919c5b-0051,CUST-E9C57E07D9,support,NG
REC-8d919c5b-0052,CUST-9E76B60D10,billing,EU
REC-8d919c5b-0053,CUST-A6A3D36395,identity,US-CA
REC-8d919c5b-0054,CUST-163791F4CD,support,NG
REC-8d919c5b-0055,CUST-B90C400970,billing,EU
REC-8d919c5b-0056,CUST-CF2ABD19FD,identity,US-CA
REC-8d919c5b-0057,CUST-AAEBBD3755,support,NG
REC-8d919c5b-0058,CUST-4991329A91,billing,EU
REC-8d919c5b-0059,CUST-105FB2FF26,identity,US-CA
REC-8d919c5b-0060,CUST-C824B4CF03,support,NG
REC-8d919c5b-0061,CUST-E18F71CFFB,billing,EU
REC-8d919c5b-0062,CUST-830708B195,identity,US-CA
REC-8d919c5b-0063,CUST-7B6B856AD1,support,NG
REC-8d919c5b-0064,CUST-79A1EB1C35,billing,EU
REC-8d919c5b-0065,CUST-9300181BF6,identity,US-CA
REC-8d919c5b-0066,CUST-3F581DD97B,support,NG
REC-8d919c5b-0067,CUST-4AB5EC076E,billing,EU
REC-8d919c5b-0068,CUST-8F08F45573,identity,US-CA
REC-8d919c5b-0069,CUST-FA06CE349B,support,NG
REC-8d919c5b-0070,CUST-F2A54EAC3D,billing,EU
REC-8d919c5b-0071,CUST-7704605DA5,identity,US-CA
REC-8d919c5b-0072,CUST-EE61ECB685,support,NG
REC-8d919c5b-0073,CUST-C526C8B6CE,billing,EU
REC-8d919c5b-0074,CUST-39B42964F4,identity,US-CA
REC-8d919c5b-0075,CUST-19F38E642A,support,NG
REC-8d919c5b-0076,CUST-F539B73222,billing,EU
REC-8d919c5b-0077,CUST-C01AA3DC66,identity,US-CA
REC-8d919c5b-0078,CUST-A0A365BD9F,support,NG
REC-8d919c5b-0079,CUST-9E4A1FEDFC,billing,EU
REC-8d919c5b-0080,CUST-AA4D453779,identity,US-CA
REC-8d919c5b-0081,CUST-0F46735021,support,NG
REC-8d919c5b-0082,CUST-219A8AA566,billing,EU
REC-8d919c5b-0083,CUST-45F297459F,identity,US-CA
REC-8d919c5b-0084,CUST-3F89A35D9D,support,NG
REC-8d919c5b-0085,CUST-FC377C0CC7,billing,EU
REC-8d919c5b-0086,CUST-715D249D6E,identity,US-CA
REC-8d919c5b-0087,CUST-0C513FCA6D,support,NG
REC-8d919c5b-0088,CUST-81AE9D45F5,billing,EU
REC-8d919c5b-0089,CUST-87EDAB6FE4,identity,US-CA
REC-8d919c5b-0090,CUST-98DC8FAF03,support,NG
REC-8d919c5b-0091,CUST-43E89CF2D3,billing,EU
REC-8d919c5b-0092,CUST-37ADF5CB9E,identity,US-CA
REC-8d919c5b-0093,CUST-699B1A9C9B,support,NG
REC-8d919c5b-0094,CUST-9E5825F27B,billing,EU
REC-8d919c5b-0095,CUST-EF26CB07CF,identity,US-CA
REC-8d919c5b-0096,CUST-FD81C0F66B,support,NG
REC-8d919c5b-0097,CUST-95EE544674,billing,EU
REC-8d919c5b-0098,CUST-93B9014DD9,identity,US-CA
REC-8d919c5b-0099,CUST-55882CD906,support,NG
REC-8d919c5b-0100,CUST-61984578E2,billing,EU
REC-8d919c5b-0101,CUST-A9FAE47D24,identity,US-CA
REC-8d919c5b-0102,CUST-C30B1600C4,support,NG
REC-8d919c5b-0103,CUST-2A66754745,billing,EU
REC-8d919c5b-0104,CUST-849B3C0E45,identity,US-CA
REC-8d919c5b-0105,CUST-C98751C55A,support,NG
REC-8d919c5b-0106,CUST-42FF578872,billing,EU
REC-8d919c5b-0107,CUST-FC34594D33,identity,US-CA
REC-8d919c5b-0108,CUST-B433EA7180,support,NG
REC-8d919c5b-0109,CUST-367668260E,billing,EU
REC-8d919c5b-0110,CUST-CC90863AE0,identity,US-CA
REC-8d919c5b-0111,CUST-47087F47C4,support,NG
REC-8d919c5b-0112,CUST-043035E503,billing,EU
REC-8d919c5b-0113,CUST-920412DB8B,identity,US-CA
REC-8d919c5b-0114,CUST-E0E09995C6,support,NG
REC-8d919c5b-0115,CUST-07CBB64B7A,billing,EU
REC-8d919c5b-0116,CUST-FEC4FB1D98,identity,US-CA
REC-8d919c5b-0117,CUST-487C2A0ACD,support,NG
REC-8d919c5b-0118,CUST-41D56FA153,billing,EU
REC-8d919c5b-0119,CUST-529F4442EC,identity,US-CA
REC-8d919c5b-0120,CUST-43D906FADF,support,NG
REC-8d919c5b-0121,CUST-CAC9E27ACE,billing,EU
REC-8d919c5b-0122,CUST-6DE08AB85C,identity,US-CA
REC-8d919c5b-0123,CUST-8BCB6A34EC,support,NG
REC-8d919c5b-0124,CUST-ACB632FFE1,billing,EU
REC-8d919c5b-0125,CUST-FB139D395C,identity,US-CA
REC-8d919c5b-0126,CUST-3365AE5047,support,NG
REC-8d919c5b-0127,CUST-503F8CB753,billing,EU
REC-8d919c5b-0128,CUST-514E65FC28,identity,US-CA
REC-8d919c5b-0129,CUST-F650CCFA68,support,NG
REC-8d919c5b-0130,CUST-81EED593A4,billing,EU
REC-8d919c5b-0131,CUST-8863FEA17E,identity,US-CA
REC-8d919c5b-0132,CUST-341E57F692,support,NG
REC-8d919c5b-0133,CUST-BA226126AD,billing,EU
REC-8d919c5b-0134,CUST-C42DD5117E,identity,US-CA
REC-8d919c5b-0135,CUST-A94496DD37,support,NG
REC-8d919c5b-0136,CUST-73CE6CEEB3,billing,EU
REC-8d919c5b-0137,CUST-A7E0D72CFF,identity,US-CA
REC-8d919c5b-0138,CUST-273A83AD69,support,NG
REC-8d919c5b-0139,CUST-FADF629213,billing,EU
REC-8d919c5b-0140,CUST-607A237755,identity,US-CA
REC-8d919c5b-0141,CUST-022C757F09,support,NG
REC-8d919c5b-0142,CUST-D36A447A8F,billing,EU
REC-8d919c5b-0143,CUST-341C111B5A,identity,US-CA
REC-8d919c5b-0144,CUST-485E1A1281,support,NG
REC-8d919c5b-0145,CUST-4AE4E752F6,billing,EU
REC-8d919c5b-0146,CUST-381C523E2D,identity,US-CA
REC-8d919c5b-0147,CUST-A4E896F717,support,NG
REC-8d919c5b-0148,CUST-A719E67C91,billing,EU
REC-8d919c5b-0149,CUST-294281838C,identity,US-CA
REC-8d919c5b-0150,CUST-B30A06C669,support,NG
REC-8d919c5b-0151,CUST-8047F96756,billing,EU
REC-8d919c5b-0152,CUST-ED99645087,identity,US-CA
REC-8d919c5b-0153,CUST-AB701CB181,support,NG
REC-8d919c5b-0154,CUST-1D5CAB600D,billing,EU
REC-8d919c5b-0155,CUST-2557AB975C,identity,US-CA
REC-8d919c5b-0156,CUST-06DE26694B,support,NG
REC-8d919c5b-0157,CUST-EE87EC4B7F,billing,EU
REC-8d919c5b-0158,CUST-B43254A88D,identity,US-CA
REC-8d919c5b-0159,CUST-C91C409E46,support,NG
REC-8d919c5b-0160,CUST-723D9B8C86,billing,EU
REC-8d919c5b-0161,CUST-5E17035590,identity,US-CA
REC-8d919c5b-0162,CUST-FE56B80CE7,support,NG
REC-8d919c5b-0163,CUST-1F2CAB4B0D,billing,EU
REC-8d919c5b-0164,CUST-E9BC24B37B,identity,US-CA
REC-8d919c5b-0165,CUST-8D8F2504B5,support,NG
REC-8d919c5b-0166,CUST-4FCF0869B2,billing,EU
REC-8d919c5b-0167,CUST-950AA7D8C1,identity,US-CA
REC-8d919c5b-0168,CUST-EEA30D146E,support,NG
REC-8d919c5b-0169,CUST-E38B29D6AA,billing,EU
REC-8d919c5b-0170,CUST-5E1A565970,identity,US-CA
REC-8d919c5b-0171,CUST-A8A582D9EE,support,NG
REC-8d919c5b-0172,CUST-17BEE16BF2,billing,EU
REC-8d919c5b-0173,CUST-BCA7721127,identity,US-CA
REC-8d919c5b-0174,CUST-CADBE529CB,support,NG
REC-8d919c5b-0175,CUST-AD4BA443DE,billing,EU
REC-8d919c5b-0176,CUST-3C19B9980E,identity,US-CA
REC-8d919c5b-0177,CUST-F01C62EEDF,support,NG
REC-8d919c5b-0178,CUST-FDB69B4DBE,billing,EU
REC-8d919c5b-0179,CUST-EAF837D6B5,identity,US-CA
REC-8d919c5b-0180,CUST-F63E877DA7,support,NG
REC-8d919c5b-0181,CUST-F5DDC8F0C1,billing,EU
REC-8d919c5b-0182,CUST-704860675D,identity,US-CA
REC-8d919c5b-0183,CUST-8F8659CBCD,support,NG
REC-8d919c5b-0184,CUST-D208DFF16B,billing,EU
REC-8d919c5b-0185,CUST-018CECB303,identity,US-CA
REC-8d919c5b-0186,CUST-A34326E8C6,support,NG
REC-8d919c5b-0187,CUST-AA574E8CF6,billing,EU
REC-8d919c5b-0188,CUST-F9CF128F3F,identity,US-CA
REC-8d919c5b-0189,CUST-A91BFC813C,support,NG
REC-8d919c5b-0190,CUST-03D9317C3D,billing,EU
REC-8d919c5b-0191,CUST-D85CD7E5CE,identity,US-CA
REC-8d919c5b-0192,CUST-A6A6303B15,support,NG
REC-8d919c5b-0193,CUST-192F213798,billing,EU
REC-8d919c5b-0194,CUST-078692AAED,identity,US-CA
REC-8d919c5b-0195,CUST-8B380F4FD9,support,NG
REC-8d919c5b-0196,CUST-D73F4834D8,billing,EU
REC-8d919c5b-0197,CUST-C431F4507C,identity,US-CA
REC-8d919c5b-0198,CUST-51D50151C1,support,NG
REC-8d919c5b-0199,CUST-36269A693E,billing,EU
REC-8d919c5b-0200,CUST-7EF16AD1FF,identity,US-CA
REC-8d919c5b-0201,CUST-EDB9B6A7B1,support,NG
REC-8d919c5b-0202,CUST-4BA715C034,billing,EU
REC-8d919c5b-0203,CUST-AE4B8B6F4D,identity,US-CA
REC-8d919c5b-0204,CUST-88A82E3FCA,support,NG
REC-8d919c5b-0205,CUST-2D101A9822,billing,EU
REC-8d919c5b-0206,CUST-C10FC3723F,identity,US-CA
REC-8d919c5b-0207,CUST-5B0A05AAFA,support,NG
REC-8d919c5b-0208,CUST-004CDC50FE,billing,EU
REC-8d919c5b-0209,CUST-CE3A51BA5D,identity,US-CA
REC-8d919c5b-0210,CUST-DD7417A52F,support,NG
REC-8d919c5b-0211,CUST-5B4DC100E3,billing,EU
REC-8d919c5b-0212,CUST-67FC1791B4,identity,US-CA
REC-8d919c5b-0213,CUST-BBB30F459C,support,NG
REC-8d919c5b-0214,CUST-F903102725,billing,EU
REC-8d919c5b-0215,CUST-F5A38F9BC9,identity,US-CA
REC-8d919c5b-0216,CUST-4195174106,support,NG
REC-8d919c5b-0217,CUST-3AAD8E4D36,billing,EU
REC-8d919c5b-0218,CUST-B5DD5C6AF7,identity,US-CA
REC-8d919c5b-0219,CUST-285FCC8DA2,support,NG
REC-8d919c5b-0220,CUST-BD545C3E3E,billing,EU
REC-8d919c5b-0221,CUST-A146322B54,identity,US-CA
REC-8d919c5b-0222,CUST-B1400B721E,support,NG
REC-8d919c5b-0223,CUST-2020C64783,billing,EU
REC-8d919c5b-0224,CUST-296FAAB7B7,identity,US-CA
REC-8d919c5b-0225,CUST-BDFDA628C4,support,NG
REC-8d919c5b-0226,CUST-5E866DA23D,billing,EU
REC-8d919c5b-0227,CUST-623E62F47F,identity,US-CA
REC-8d919c5b-0228,CUST-EBE515BE18,support,NG
REC-8d919c5b-0229,CUST-BFB3C766FF,billing,EU
REC-8d919c5b-0230,CUST-711411CD97,identity,US-CA
REC-8d919c5b-0231,CUST-0D2BC11211,support,NG
REC-8d919c5b-0232,CUST-2F3EB08657,billing,EU
REC-8d919c5b-0233,CUST-E8515D691F,identity,US-CA
REC-8d919c5b-0234,CUST-49761C4930,support,NG
REC-8d919c5b-0235,CUST-C3715B7756,billing,EU
REC-8d919c5b-0236,CUST-2F90949626,identity,US-CA
REC-8d919c5b-0237,CUST-FD3D60EF51,support,NG
REC-8d919c5b-0238,CUST-B19114B158,billing,EU
REC-8d919c5b-0239,CUST-7F9CFD100C,identity,US-CA
REC-8d919c5b-0240,CUST-3BFF1EBB8F,support,NG
REC-8d919c5b-0241,CUST-F95AD96A3A,billing,EU
REC-8d919c5b-0242,CUST-E42980BB1C,identity,US-CA
REC-8d919c5b-0243,CUST-BEF4AA0669,support,NG
REC-8d919c5b-0244,CUST-967528A40D,billing,EU
REC-8d919c5b-0245,CUST-E73C8997A7,identity,US-CA
REC-8d919c5b-0246,CUST-1AAD26C513,support,NG
REC-8d919c5b-0247,CUST-FDC39C362E,billing,EU
REC-8d919c5b-0248,CUST-F909CC3859,identity,US-CA
REC-8d919c5b-0249,CUST-777A57AD02,support,NG
REC-8d919c5b-0250,CUST-A3CCA1938F,billing,EU
REC-8d919c5b-0251,CUST-ED06A904BF,identity,US-CA
REC-8d919c5b-0252,CUST-0FD2FE2408,support,NG
REC-8d919c5b-0253,CUST-9D5D0DFC58,billing,EU
REC-8d919c5b-0254,CUST-A91F3E428B,identity,US-CA
REC-8d919c5b-0255,CUST-ACB6B13B41,support,NG
REC-8d919c5b-0256,CUST-1D17FF70DB,billing,EU
REC-8d919c5b-0257,CUST-228BE793D6,identity,US-CA
REC-8d919c5b-0258,CUST-289F6B50A3,support,NG
REC-8d919c5b-0259,CUST-AB51A4C9FE,billing,EU
REC-8d919c5b-0260,CUST-BF9F31A227,identity,US-CA
REC-8d919c5b-0261,CUST-D5A9BB1CFC,support,NG
REC-8d919c5b-0262,CUST-0EA62B0EEC,billing,EU
REC-8d919c5b-0263,CUST-BD3EE60A74,identity,US-CA
REC-8d919c5b-0264,CUST-8D009D40F7,support,NG
REC-8d919c5b-0265,CUST-29D1E7DECB,billing,EU
REC-8d919c5b-0266,CUST-088317D053,identity,US-CA
REC-8d919c5b-0267,CUST-552F01B8A1,support,NG
REC-8d919c5b-0268,CUST-00AF7DA4C5,billing,EU
REC-8d919c5b-0269,CUST-6686C5CFF6,identity,US-CA
REC-8d919c5b-0270,CUST-06A3DBA30B,support,NG
REC-8d919c5b-0271,CUST-2781C744A5,billing,EU
REC-8d919c5b-0272,CUST-1C7629C0C2,identity,US-CA
REC-8d919c5b-0273,CUST-EEB0D4EF54,support,NG
REC-8d919c5b-0274,CUST-13A3C6644D,billing,EU
REC-8d919c5b-0275,CUST-8CC91511A6,identity,US-CA
REC-8d919c5b-0276,CUST-9EE5E804CE,support,NG
REC-8d919c5b-0277,CUST-9171F6F25C,billing,EU
REC-8d919c5b-0278,CUST-6914E5DE9B,identity,US-CA
REC-8d919c5b-0279,CUST-040B487845,support,NG
REC-8d919c5b-0280,CUST-7BAED891BE,billing,EU
REC-8d919c5b-0281,CUST-EDD025588B,identity,US-CA
REC-8d919c5b-0282,CUST-FF42C25B17,support,NG
REC-8d919c5b-0283,CUST-91CB2EA0A0,billing,EU
REC-8d919c5b-0284,CUST-FC94F8FAF6,identity,US-CA
REC-8d919c5b-0285,CUST-342FA9B2F5,support,NG
REC-8d919c5b-0286,CUST-8972020368,billing,EU
REC-8d919c5b-0287,CUST-D0ECF140A9,identity,US-CA
REC-8d919c5b-0288,CUST-5B2877EBA2,support,NG
REC-8d919c5b-0289,CUST-9A1D815931,billing,EU
REC-8d919c5b-0290,CUST-9DD06A662C,identity,US-CA
REC-8d919c5b-0291,CUST-4948168F40,support,NG
REC-8d919c5b-0292,CUST-A56D372ABA,billing,EU
REC-8d919c5b-0293,CUST-9FAD4B9337,identity,US-CA
REC-8d919c5b-0294,CUST-C6DDEFD7C1,support,NG
REC-8d919c5b-0295,CUST-DE96ABCDF2,billing,EU
REC-8d919c5b-0296,CUST-699C8A09B0,identity,US-CA
REC-8d919c5b-0297,CUST-5D8B1443B7,support,NG
REC-8d919c5b-0298,CUST-3CEF7EE14C,billing,EU
REC-8d919c5b-0299,CUST-3D6559AC40,identity,US-CA
REC-8d919c5b-0300,CUST-0A59C7BBE5,support,NG
REC-8d919c5b-0301,CUST-CC2C6D64F6,billing,EU
REC-8d919c5b-0302,CUST-3172B5C23B,identity,US-CA
REC-8d919c5b-0303,CUST-43DBFCEA2C,support,NG
REC-8d919c5b-0304,CUST-B463F6006B,billing,EU
REC-8d919c5b-0305,CUST-65AF70E11B,identity,US-CA
REC-8d919c5b-0306,CUST-450FBFA3EC,support,NG
REC-8d919c5b-0307,CUST-7CDDE0C662,billing,EU
REC-8d919c5b-0308,CUST-928D3BA564,identity,US-CA
REC-8d919c5b-0309,CUST-49E781D8C4,support,NG
REC-8d919c5b-0310,CUST-93AA8A1082,billing,EU
REC-8d919c5b-0311,CUST-516A6D73B7,identity,US-CA
REC-8d919c5b-0312,CUST-1809E9260D,support,NG
REC-8d919c5b-0313,CUST-7677FB9173,billing,EU
REC-8d919c5b-0314,CUST-439A114746,identity,US-CA
REC-8d919c5b-0315,CUST-1E626CBEB9,support,NG
REC-8d919c5b-0316,CUST-D55C50AB7D,billing,EU
REC-8d919c5b-0317,CUST-6910784C7F,identity,US-CA
REC-8d919c5b-0318,CUST-A5CE6E7098,support,NG
REC-8d919c5b-0319,CUST-93C5B7DBF1,billing,EU
REC-8d919c5b-0320,CUST-78C8A6B696,identity,US-CA
REC-8d919c5b-0321,CUST-333E159753,support,NG
REC-8d919c5b-0322,CUST-97C68B220B,billing,EU
REC-8d919c5b-0323,CUST-47AFC55F67,identity,US-CA
REC-8d919c5b-0324,CUST-B79FFC5FAE,support,NG
REC-8d919c5b-0325,CUST-3CF83EC029,billing,EU
REC-8d919c5b-0326,CUST-49825BC3E5,identity,US-CA
REC-8d919c5b-0327,CUST-C3A1949408,support,NG
REC-8d919c5b-0328,CUST-89BEDC32EA,billing,EU
REC-8d919c5b-0329,CUST-29C936A5D9,identity,US-CA
REC-8d919c5b-0330,CUST-3AE3F1C4F4,support,NG
REC-8d919c5b-0331,CUST-684C99EBD2,billing,EU
REC-8d919c5b-0332,CUST-19A025070A,identity,US-CA
REC-8d919c5b-0333,CUST-0F765AE928,support,NG
REC-8d919c5b-0334,CUST-21177B97EE,billing,EU
REC-8d919c5b-0335,CUST-8A3AA3F8CB,identity,US-CA
REC-8d919c5b-0336,CUST-EA898DA074,support,NG
REC-8d919c5b-0337,CUST-50FAE98338,billing,EU
REC-8d919c5b-0338,CUST-03C3446F65,identity,US-CA
REC-8d919c5b-0339,CUST-4F8F0B5AEC,support,NG
REC-8d919c5b-0340,CUST-A918F21BC4,billing,EU
REC-8d919c5b-0341,CUST-242B4ACCDB,identity,US-CA
REC-8d919c5b-0342,CUST-E72F1099AB,support,NG
REC-8d919c5b-0343,CUST-F9711BBB4F,billing,EU
REC-8d919c5b-0344,CUST-BFD7F2B3E2,identity,US-CA
REC-8d919c5b-0345,CUST-22FC39FD7C,support,NG
REC-8d919c5b-0346,CUST-0F18698D73,billing,EU
REC-8d919c5b-0347,CUST-31174A4F64,identity,US-CA
REC-8d919c5b-0348,CUST-FC3F49E1F0,support,NG
REC-8d919c5b-0349,CUST-0EA4B0D496,billing,EU
REC-8d919c5b-0350,CUST-4A5851670F,identity,US-CA
REC-8d919c5b-0351,CUST-48787223F1,support,NG
REC-8d919c5b-0352,CUST-1F85F8114E,billing,EU
REC-8d919c5b-0353,CUST-D422F64A02,identity,US-CA
REC-8d919c5b-0354,CUST-34621D45F0,support,NG
REC-8d919c5b-0355,CUST-D129B8EC76,billing,EU
REC-8d919c5b-0356,CUST-52AFC1CEEC,identity,US-CA
REC-8d919c5b-0357,CUST-AB63C59B85,support,NG
REC-8d919c5b-0358,CUST-D0227A19BB,billing,EU
REC-8d919c5b-0359,CUST-93648816B9,identity,US-CA
REC-8d919c5b-0360,CUST-1DDA3D7A6B,support,NG
REC-8d919c5b-0361,CUST-9163316FE9,billing,EU
REC-8d919c5b-0362,CUST-576CAB1F90,identity,US-CA
REC-8d919c5b-0363,CUST-5BC37367B9,support,NG
REC-8d919c5b-0364,CUST-1C004952AA,billing,EU
REC-8d919c5b-0365,CUST-0CFD4F3653,identity,US-CA
REC-8d919c5b-0366,CUST-FB32B7EFA9,support,NG
REC-8d919c5b-0367,CUST-557E92A44D,billing,EU
REC-8d919c5b-0368,CUST-1693F80648,identity,US-CA
REC-8d919c5b-0369,CUST-473DDB378C,support,NG
REC-8d919c5b-0370,CUST-6FCF972C00,billing,EU
REC-8d919c5b-0371,CUST-D26F21CF16,identity,US-CA
REC-8d919c5b-0372,CUST-C036548548,support,NG
REC-8d919c5b-0373,CUST-A1D8678C01,billing,EU
REC-8d919c5b-0374,CUST-8D092703F9,identity,US-CA
REC-8d919c5b-0375,CUST-7E00EAFA52,support,NG
REC-8d919c5b-0376,CUST-E3EF6A47C9,billing,EU
REC-8d919c5b-0377,CUST-603FED70D2,identity,US-CA
REC-8d919c5b-0378,CUST-E88B0462EF,support,NG
REC-8d919c5b-0379,CUST-2EB8E10FE3,billing,EU
REC-8d919c5b-0380,CUST-7838E51DBB,identity,US-CA
REC-8d919c5b-0381,CUST-A0605F78BF,support,NG
REC-8d919c5b-0382,CUST-76789D9902,billing,EU
REC-8d919c5b-0383,CUST-5EA7F74F17,identity,US-CA
REC-8d919c5b-0384,CUST-5BDF31068D,support,NG
REC-8d919c5b-0385,CUST-D8135DF95E,billing,EU
REC-8d919c5b-0386,CUST-E7F9FD1E4C,identity,US-CA
REC-8d919c5b-0387,CUST-1B6BB118AC,support,NG
REC-8d919c5b-0388,CUST-8AAEC3AD1B,billing,EU
REC-8d919c5b-0389,CUST-B3DB047891,identity,US-CA
REC-8d919c5b-0390,CUST-7607AE3219,support,NG
REC-8d919c5b-0391,CUST-2B170D4201,billing,EU
REC-8d919c5b-0392,CUST-54B05FC62E,identity,US-CA
REC-8d919c5b-0393,CUST-576026833E,support,NG
REC-8d919c5b-0394,CUST-AD7C7FB549,billing,EU
REC-8d919c5b-0395,CUST-7417321559,identity,US-CA
REC-8d919c5b-0396,CUST-E121872776,support,NG
REC-8d919c5b-0397,CUST-ED7AFA6778,billing,EU
REC-8d919c5b-0398,CUST-5CCF9381AE,identity,US-CA
REC-8d919c5b-0399,CUST-FF79D188AA,support,NG
REC-8d919c5b-0400,CUST-AE55B78B73,billing,EU
REC-8d919c5b-0401,CUST-6D22A02F74,identity,US-CA
REC-8d919c5b-0402,CUST-CB4979C0A8,support,NG
REC-8d919c5b-0403,CUST-7D3DE1A5A1,billing,EU
REC-8d919c5b-0404,CUST-4F7C9B6756,identity,US-CA
REC-8d919c5b-0405,CUST-3D64FE454C,support,NG
REC-8d919c5b-0406,CUST-AF3C582144,billing,EU
REC-8d919c5b-0407,CUST-974B802868,identity,US-CA
REC-8d919c5b-0408,CUST-76E09CF66A,support,NG
REC-8d919c5b-0409,CUST-E47C5F67BE,billing,EU
REC-8d919c5b-0410,CUST-D0F7CB800F,identity,US-CA
REC-8d919c5b-0411,CUST-0B2F9C9254,support,NG
REC-8d919c5b-0412,CUST-63B6216D9A,billing,EU
REC-8d919c5b-0413,CUST-6047A2846F,identity,US-CA
REC-8d919c5b-0414,CUST-6CB0512BF6,support,NG
REC-8d919c5b-0415,CUST-164134FE03,billing,EU
REC-8d919c5b-0416,CUST-E832C3DA32,identity,US-CA
REC-8d919c5b-0417,CUST-0C306691AA,support,NG
REC-8d919c5b-0418,CUST-6E71DBD95E,billing,EU
REC-8d919c5b-0419,CUST-3D35244A0D,identity,US-CA
REC-8d919c5b-0420,CUST-7BC1FAB74B,support,NG
REC-8d919c5b-0421,CUST-F268641CA3,billing,EU
REC-8d919c5b-0422,CUST-28ED810EDD,identity,US-CA
REC-8d919c5b-0423,CUST-576335FDBC,support,NG
REC-8d919c5b-0424,CUST-0518C66462,billing,EU
REC-8d919c5b-0425,CUST-554EAF95D8,identity,US-CA
REC-8d919c5b-0426,CUST-A2DF442BF4,support,NG
REC-8d919c5b-0427,CUST-758D62D4C0,billing,EU
REC-8d919c5b-0428,CUST-05085F404C,identity,US-CA
REC-8d919c5b-0429,CUST-C4CD2454FA,support,NG
REC-8d919c5b-0430,CUST-81972B1A6A,billing,EU
REC-8d919c5b-0431,CUST-F15799F91C,identity,US-CA
REC-8d919c5b-0432,CUST-03E232A70C,support,NG
REC-8d919c5b-0433,CUST-99777BD336,billing,EU
REC-8d919c5b-0434,CUST-5A43557EE6,identity,US-CA
REC-8d919c5b-0435,CUST-353288F7D1,support,NG
REC-8d919c5b-0436,CUST-BD01081B3B,billing,EU
REC-8d919c5b-0437,CUST-B5D0ADC47C,identity,US-CA
REC-8d919c5b-0438,CUST-7513068C50,support,NG
REC-8d919c5b-0439,CUST-1B672D277B,billing,EU
REC-8d919c5b-0440,CUST-9C35EB1031,identity,US-CA
REC-8d919c5b-0441,CUST-AFF2F6085D,support,NG
REC-8d919c5b-0442,CUST-018001383B,billing,EU
REC-8d919c5b-0443,CUST-EA1D06EE30,identity,US-CA
REC-8d919c5b-0444,CUST-8053B85522,support,NG
REC-8d919c5b-0445,CUST-8D5BABD535,billing,EU
REC-8d919c5b-0446,CUST-33AE7AA3C8,identity,US-CA
REC-8d919c5b-0447,CUST-6C07A7199E,support,NG
REC-8d919c5b-0448,CUST-4D41324DD0,billing,EU
REC-8d919c5b-0449,CUST-1823A03863,identity,US-CA
REC-8d919c5b-0450,CUST-90B783243D,support,NG
REC-8d919c5b-0451,CUST-23FDEB5D12,billing,EU
REC-8d919c5b-0452,CUST-6FE9B832B8,identity,US-CA
REC-8d919c5b-0453,CUST-52D3F2ECE8,support,NG
REC-8d919c5b-0454,CUST-71828DD1FC,billing,EU
REC-8d919c5b-0455,CUST-7D713A5C60,identity,US-CA
REC-8d919c5b-0456,CUST-9A2351DF39,support,NG
REC-8d919c5b-0457,CUST-B999E66261,billing,EU
REC-8d919c5b-0458,CUST-8AC586EED9,identity,US-CA
REC-8d919c5b-0459,CUST-43D79E1DC6,support,NG
REC-8d919c5b-0460,CUST-3E666679B0,billing,EU
REC-8d919c5b-0461,CUST-9149433B9D,identity,US-CA
REC-8d919c5b-0462,CUST-92DACD17F0,support,NG
REC-8d919c5b-0463,CUST-C41DC5D6E5,billing,EU
REC-8d919c5b-0464,CUST-24D919FF9B,identity,US-CA
REC-8d919c5b-0465,CUST-4A5E216709,support,NG
REC-8d919c5b-0466,CUST-D3581E7635,billing,EU
REC-8d919c5b-0467,CUST-215D77D0CC,identity,US-CA
REC-8d919c5b-0468,CUST-741DD916F8,support,NG
REC-8d919c5b-0469,CUST-0FF8950653,billing,EU
REC-8d919c5b-0470,CUST-1B3B0E73F4,identity,US-CA
REC-8d919c5b-0471,CUST-DA519D1C8F,support,NG
REC-8d919c5b-0472,CUST-3310526BE9,billing,EU
REC-8d919c5b-0473,CUST-FE2F22456F,identity,US-CA
REC-8d919c5b-0474,CUST-35B4A5D3BE,support,NG
REC-8d919c5b-0475,CUST-6D6EAEF33D,billing,EU
REC-8d919c5b-0476,CUST-1C3245BF63,identity,US-CA
REC-8d919c5b-0477,CUST-8F4BBF5C35,support,NG
REC-8d919c5b-0478,CUST-D74B9948A3,billing,EU
REC-8d919c5b-0479,CUST-EF3CACCFF5,identity,US-CA
REC-8d919c5b-0480,CUST-4FFFF78B67,support,NG
REC-8d919c5b-0481,CUST-B914E3C0C8,billing,EU
REC-8d919c5b-0482,CUST-82059375A0,identity,US-CA
REC-8d919c5b-0483,CUST-F62E541FE3,support,NG
REC-8d919c5b-0484,CUST-10E7998AF1,billing,EU
REC-8d919c5b-0485,CUST-799B42B9DA,identity,US-CA
REC-8d919c5b-0486,CUST-00BEC5FE32,support,NG
REC-8d919c5b-0487,CUST-C39EF6F716,billing,EU
REC-8d919c5b-0488,CUST-54A722AE9F,identity,US-CA
REC-8d919c5b-0489,CUST-E65D4F6A3C,support,NG
REC-8d919c5b-0490,CUST-69C720AEC3,billing,EU
REC-8d919c5b-0491,CUST-A5F23072C8,identity,US-CA
REC-8d919c5b-0492,CUST-245D1452FF,support,NG
REC-8d919c5b-0493,CUST-4820E4EAB9,billing,EU
REC-8d919c5b-0494,CUST-1F61A207DF,identity,US-CA
REC-8d919c5b-0495,CUST-0148D115C7,support,NG
REC-8d919c5b-0496,CUST-4129B88833,billing,EU
REC-8d919c5b-0497,CUST-9239D8F796,identity,US-CA
REC-8d919c5b-0498,CUST-E0A71699BE,support,NG
REC-8d919c5b-0499,CUST-3BE3B33CEC,billing,EU
REC-8d919c5b-0500,CUST-F9DEFEA3AF,identity,US-CA
REC-8d919c5b-0501,CUST-C756FBAE70,support,NG
REC-8d919c5b-0502,CUST-4AE61FF268,billing,EU
REC-8d919c5b-0503,CUST-3D3452195E,identity,US-CA
REC-8d919c5b-0504,CUST-EE28BDB0B3,support,NG
REC-8d919c5b-0505,CUST-96EF3C0C70,billing,EU
REC-8d919c5b-0506,CUST-160CF2DEC8,identity,US-CA
REC-8d919c5b-0507,CUST-761458986D,support,NG
REC-8d919c5b-0508,CUST-8B345EF6C3,billing,EU
REC-8d919c5b-0509,CUST-934015A398,identity,US-CA
REC-8d919c5b-0510,CUST-2FAACC7035,support,NG
REC-8d919c5b-0511,CUST-9D14459297,billing,EU
REC-8d919c5b-0512,CUST-12B8355AEF,identity,US-CA
REC-8d919c5b-0513,CUST-FF3CEAC713,support,NG
REC-8d919c5b-0514,CUST-F8B348C0DC,billing,EU
REC-8d919c5b-0515,CUST-C8D9E9B343,identity,US-CA
REC-8d919c5b-0516,CUST-58B10E30F6,support,NG
REC-8d919c5b-0517,CUST-758F2D6D17,billing,EU
REC-8d919c5b-0518,CUST-B1B0204DE0,identity,US-CA
REC-8d919c5b-0519,CUST-43B3E68C51,support,NG
REC-8d919c5b-0520,CUST-D52415B0F5,billing,EU
REC-8d919c5b-0521,CUST-C734B73B6E,identity,US-CA
REC-8d919c5b-0522,CUST-569D4DBE77,support,NG
REC-8d919c5b-0523,CUST-A49F0B9D77,billing,EU
REC-8d919c5b-0524,CUST-0E812B9ADC,identity,US-CA
REC-8d919c5b-0525,CUST-DD0CFCADCB,support,NG
REC-8d919c5b-0526,CUST-92B30BCE7D,billing,EU
REC-8d919c5b-0527,CUST-A018B380B3,identity,US-CA
REC-8d919c5b-0528,CUST-34A2199BE9,support,NG
REC-8d919c5b-0529,CUST-40CDA2245D,billing,EU
REC-8d919c5b-0530,CUST-3DC550174A,identity,US-CA
REC-8d919c5b-0531,CUST-0802BD3E0A,support,NG
REC-8d919c5b-0532,CUST-933CB1022D,billing,EU
REC-8d919c5b-0533,CUST-CCE1A25855,identity,US-CA
REC-8d919c5b-0534,CUST-9E8AA16193,support,NG
REC-8d919c5b-0535,CUST-2D7BC22AD7,billing,EU
REC-8d919c5b-0536,CUST-1CABF26273,identity,US-CA
REC-8d919c5b-0537,CUST-DEC19B65C2,support,NG
REC-8d919c5b-0538,CUST-64ADB6E76C,billing,EU
REC-8d919c5b-0539,CUST-1F950E429D,identity,US-CA
REC-8d919c5b-0540,CUST-EE86FF0CBF,support,NG
REC-8d919c5b-0541,CUST-A0C22AC00E,billing,EU
REC-8d919c5b-0542,CUST-1FFF65F6BC,identity,US-CA
REC-8d919c5b-0543,CUST-55ED8C42FE,support,NG
REC-8d919c5b-0544,CUST-A908BDE70D,billing,EU
REC-8d919c5b-0545,CUST-979D0D21EE,identity,US-CA
REC-8d919c5b-0546,CUST-C209EC597C,support,NG
REC-8d919c5b-0547,CUST-10ECA66D4E,billing,EU
REC-8d919c5b-0548,CUST-E5E44AC914,identity,US-CA
REC-8d919c5b-0549,CUST-B186DCB7EE,support,NG
REC-8d919c5b-0550,CUST-8BA99043A3,billing,EU
REC-8d919c5b-0551,CUST-A09E8D165C,identity,US-CA
REC-8d919c5b-0552,CUST-A67BA6B136,support,NG
REC-8d919c5b-0553,CUST-B9963ACB45,billing,EU
REC-8d919c5b-0554,CUST-80831EC9DE,identity,US-CA
REC-8d919c5b-0555,CUST-1C90BEE40D,support,NG
REC-8d919c5b-0556,CUST-DB9EA75801,billing,EU
REC-8d919c5b-0557,CUST-4D743C7983,identity,US-CA
REC-8d919c5b-0558,CUST-5E9885DCB3,support,NG
REC-8d919c5b-0559,CUST-4DD9ABCE14,billing,EU
REC-8d919c5b-0560,CUST-BA43F78D40,identity,US-CA
REC-8d919c5b-0561,CUST-85153F7D7E,support,NG
REC-8d919c5b-0562,CUST-B73E40A1C8,billing,EU
REC-8d919c5b-0563,CUST-12121653C5,identity,US-CA
REC-8d919c5b-0564,CUST-890519ECB0,support,NG
REC-8d919c5b-0565,CUST-92079677C6,billing,EU
REC-8d919c5b-0566,CUST-88E28736B8,identity,US-CA
REC-8d919c5b-0567,CUST-01464848CA,support,NG
REC-8d919c5b-0568,CUST-B8F8B0C20B,billing,EU
REC-8d919c5b-0569,CUST-9FB1602C44,identity,US-CA
REC-8d919c5b-0570,CUST-7E72F04ACD,support,NG
REC-8d919c5b-0571,CUST-BB6D85F149,billing,EU
REC-8d919c5b-0572,CUST-D29FFB1A24,identity,US-CA
REC-8d919c5b-0573,CUST-6CAF9EFCC4,support,NG
REC-8d919c5b-0574,CUST-4271A32246,billing,EU
REC-8d919c5b-0575,CUST-4E72E71F30,identity,US-CA
REC-8d919c5b-0576,CUST-FE2335EBD0,support,NG
REC-8d919c5b-0577,CUST-7FB310AC93,billing,EU
REC-8d919c5b-0578,CUST-2B0413E2CA,identity,US-CA
REC-8d919c5b-0579,CUST-85C6FEB43B,support,NG
REC-8d919c5b-0580,CUST-A9D03AEDB7,billing,EU
REC-8d919c5b-0581,CUST-740C654BD8,identity,US-CA
REC-8d919c5b-0582,CUST-1B09A95F84,support,NG
REC-8d919c5b-0583,CUST-725C2D0637,billing,EU
REC-8d919c5b-0584,CUST-2512266F8D,identity,US-CA
REC-8d919c5b-0585,CUST-47E95C824F,support,NG
REC-8d919c5b-0586,CUST-AB0DB0F92E,billing,EU
REC-8d919c5b-0587,CUST-18BE5629A2,identity,US-CA
REC-8d919c5b-0588,CUST-D384EABD3A,support,NG
REC-8d919c5b-0589,CUST-15E2821428,billing,EU
REC-8d919c5b-0590,CUST-C10FDA76C7,identity,US-CA
REC-8d919c5b-0591,CUST-C4D5BA4799,support,NG
REC-8d919c5b-0592,CUST-12DC26B250,billing,EU
REC-8d919c5b-0593,CUST-138FB6AFD9,identity,US-CA
REC-8d919c5b-0594,CUST-BEFAEEABD7,support,NG
REC-8d919c5b-0595,CUST-A24BECC63A,billing,EU
REC-8d919c5b-0596,CUST-6CA77BE254,identity,US-CA
REC-8d919c5b-0597,CUST-5460A7E363,support,NG
REC-8d919c5b-0598,CUST-E27055E863,billing,EU
REC-8d919c5b-0599,CUST-E1111DDD1C,identity,US-CA
REC-8d919c5b-0600,CUST-497A0AB3A5,support,NG
REC-8d919c5b-0601,CUST-987A0D300D,billing,EU
REC-8d919c5b-0602,CUST-6493DF751D,identity,US-CA
REC-8d919c5b-0603,CUST-128ACAAB79,support,NG
REC-8d919c5b-0604,CUST-B6B703B353,billing,EU
REC-8d919c5b-0605,CUST-4EA069A159,identity,US-CA
REC-8d919c5b-0606,CUST-ED58B0848B,support,NG
REC-8d919c5b-0607,CUST-25BD219F7E,billing,EU
REC-8d919c5b-0608,CUST-37F093FAE9,identity,US-CA
REC-8d919c5b-0609,CUST-7D997C7ED0,support,NG
REC-8d919c5b-0610,CUST-ED1BF5FD04,billing,EU
REC-8d919c5b-0611,CUST-08358E7E00,identity,US-CA
REC-8d919c5b-0612,CUST-A437420553,support,NG
REC-8d919c5b-0613,CUST-1E51CFC9EA,billing,EU
REC-8d919c5b-0614,CUST-8ECDCBF148,identity,US-CA
REC-8d919c5b-0615,CUST-DC17785137,support,NG
REC-8d919c5b-0616,CUST-397380BDBB,billing,EU
REC-8d919c5b-0617,CUST-A479DBE9D6,identity,US-CA
REC-8d919c5b-0618,CUST-E37EB0703F,support,NG
REC-8d919c5b-0619,CUST-F5C4929CFB,billing,EU
REC-8d919c5b-0620,CUST-83BEBB796B,identity,US-CA
REC-8d919c5b-0621,CUST-6C4A99AAF2,support,NG
REC-8d919c5b-0622,CUST-18F7228647,billing,EU
REC-8d919c5b-0623,CUST-57D409A518,identity,US-CA
REC-8d919c5b-0624,CUST-80A453CDCD,support,NG
REC-8d919c5b-0625,CUST-1B94557D35,billing,EU
REC-8d919c5b-0626,CUST-5A36AEC883,identity,US-CA
REC-8d919c5b-0627,CUST-3BE7F40215,support,NG
REC-8d919c5b-0628,CUST-34F5F2BADF,billing,EU
REC-8d919c5b-0629,CUST-FCED3A2D28,identity,US-CA
REC-8d919c5b-0630,CUST-2BFF758F6A,support,NG
REC-8d919c5b-0631,CUST-73E4777E05,billing,EU
REC-8d919c5b-0632,CUST-F11F8E3D37,identity,US-CA
REC-8d919c5b-0633,CUST-9E74A9510C,support,NG
REC-8d919c5b-0634,CUST-AB2CD4A3AF,billing,EU
REC-8d919c5b-0635,CUST-6BB96C4077,identity,US-CA
REC-8d919c5b-0636,CUST-AD0E75A91E,support,NG
REC-8d919c5b-0637,CUST-3E40C472AF,billing,EU
REC-8d919c5b-0638,CUST-03B0D74166,identity,US-CA
REC-8d919c5b-0639,CUST-CD3F039DEA,support,NG
REC-8d919c5b-0640,CUST-0C8BE86AC6,billing,EU
REC-8d919c5b-0641,CUST-2C95BC2075,identity,US-CA
REC-8d919c5b-0642,CUST-6EF9C19683,support,NG
REC-8d919c5b-0643,CUST-B4F384B22A,billing,EU
REC-8d919c5b-0644,CUST-6CBB5283C2,identity,US-CA
REC-8d919c5b-0645,CUST-FC4BCADE1A,support,NG
REC-8d919c5b-0646,CUST-BF59AE9C8E,billing,EU
REC-8d919c5b-0647,CUST-255E12CB4A,identity,US-CA
REC-8d919c5b-0648,CUST-36D23DD984,support,NG
REC-8d919c5b-0649,CUST-319DDE6860,billing,EU
REC-8d919c5b-0650,CUST-6D62312066,identity,US-CA
REC-8d919c5b-0651,CUST-0F50BD1136,support,NG
REC-8d919c5b-0652,CUST-9CBB338CF0,billing,EU
REC-8d919c5b-0653,CUST-28AC566665,identity,US-CA
REC-8d919c5b-0654,CUST-83754F3835,support,NG
REC-8d919c5b-0655,CUST-9A109AAA7C,billing,EU
REC-8d919c5b-0656,CUST-04553C2A03,identity,US-CA
REC-8d919c5b-0657,CUST-C56AC4A8D1,support,NG
REC-8d919c5b-0658,CUST-E65E34BBB8,billing,EU
REC-8d919c5b-0659,CUST-8888584808,identity,US-CA
REC-8d919c5b-0660,CUST-211B0D8889,support,NG
REC-8d919c5b-0661,CUST-E69780B175,billing,EU
REC-8d919c5b-0662,CUST-124AFF3886,identity,US-CA
REC-8d919c5b-0663,CUST-439E6F248C,support,NG
REC-8d919c5b-0664,CUST-06C93C8482,billing,EU
REC-8d919c5b-0665,CUST-63137BB4F6,identity,US-CA
REC-8d919c5b-0666,CUST-64E0D3EC06,support,NG
REC-8d919c5b-0667,CUST-DFD71A389C,billing,EU
REC-8d919c5b-0668,CUST-2708D7CECD,identity,US-CA
REC-8d919c5b-0669,CUST-68E0F0F3B4,support,NG
REC-8d919c5b-0670,CUST-C4E0764BAC,billing,EU
REC-8d919c5b-0671,CUST-07BD54A138,identity,US-CA
REC-8d919c5b-0672,CUST-8802FFDC63,support,NG
REC-8d919c5b-0673,CUST-134D134BA9,billing,EU
REC-8d919c5b-0674,CUST-F2BAF05CAE,identity,US-CA
REC-8d919c5b-0675,CUST-4FB1EB40B5,support,NG
REC-8d919c5b-0676,CUST-96642F2A18,billing,EU
REC-8d919c5b-0677,CUST-30CC56A1D2,identity,US-CA
REC-8d919c5b-0678,CUST-5DC617F834,support,NG
REC-8d919c5b-0679,CUST-583A7C7692,billing,EU
REC-8d919c5b-0680,CUST-69961FD590,identity,US-CA
REC-8d919c5b-0681,CUST-22E550543E,support,NG
REC-8d919c5b-0682,CUST-E9856DC347,billing,EU
REC-8d919c5b-0683,CUST-9B55E936EF,identity,US-CA
REC-8d919c5b-0684,CUST-92551FFBC8,support,NG
REC-8d919c5b-0685,CUST-F0372E603A,billing,EU
REC-8d919c5b-0686,CUST-2C4AF1D566,identity,US-CA
REC-8d919c5b-0687,CUST-7669B3DE90,support,NG
REC-8d919c5b-0688,CUST-2C525C7E7C,billing,EU
REC-8d919c5b-0689,CUST-6BE92AFD83,identity,US-CA
REC-8d919c5b-0690,CUST-1B392BB7EE,support,NG
REC-8d919c5b-0691,CUST-A13D0117D3,billing,EU
REC-8d919c5b-0692,CUST-8A43867A1C,identity,US-CA
REC-8d919c5b-0693,CUST-8A0C15A2C3,support,NG
REC-8d919c5b-0694,CUST-D692650931,billing,EU
REC-8d919c5b-0695,CUST-6B0516F075,identity,US-CA
REC-8d919c5b-0696,CUST-B86F06F039,support,NG
REC-8d919c5b-0697,CUST-E901B27C51,billing,EU
REC-8d919c5b-0698,CUST-38A520672B,identity,US-CA
REC-8d919c5b-0699,CUST-286E873CC5,support,NG
REC-8d919c5b-0700,CUST-31CE786F76,billing,EU
REC-8d919c5b-0701,CUST-A18E4CB7B6,identity,US-CA
REC-8d919c5b-0702,CUST-ECADD119BB,support,NG
REC-8d919c5b-0703,CUST-799A4E28B2,billing,EU
REC-8d919c5b-0704,CUST-9CA21E5C8B,identity,US-CA
REC-8d919c5b-0705,CUST-3F89B41BB9,support,NG
REC-8d919c5b-0706,CUST-073ED554BE,billing,EU
REC-8d919c5b-0707,CUST-646E2AB89C,identity,US-CA
REC-8d919c5b-0708,CUST-DD52F42F1B,support,NG
REC-8d919c5b-0709,CUST-2521DB8CA2,billing,EU
REC-8d919c5b-0710,CUST-D3700AF7CD,identity,US-CA
REC-8d919c5b-0711,CUST-92CE08DE19,support,NG
REC-8d919c5b-0712,CUST-9124A2E283,billing,EU
REC-8d919c5b-0713,CUST-3C28DB5DA4,identity,US-CA
REC-8d919c5b-0714,CUST-53D6EDB133,support,NG
REC-8d919c5b-0715,CUST-76BD8E0300,billing,EU
REC-8d919c5b-0716,CUST-E84E7A0696,identity,US-CA
REC-8d919c5b-0717,CUST-E3C35167AE,support,NG
REC-8d919c5b-0718,CUST-76EE01E89F,billing,EU
REC-8d919c5b-0719,CUST-588E8371AF,identity,US-CA
REC-8d919c5b-0720,CUST-54586904E4,support,NG
REC-8d919c5b-0721,CUST-81584ACAE5,billing,EU
REC-8d919c5b-0722,CUST-2263FAFD50,identity,US-CA
REC-8d919c5b-0723,CUST-083F093445,support,NG
REC-8d919c5b-0724,CUST-10D4AD9644,billing,EU
REC-8d919c5b-0725,CUST-610AE4F33F,identity,US-CA
REC-8d919c5b-0726,CUST-6FCC3F6CD1,support,NG
REC-8d919c5b-0727,CUST-81AD01CE8B,billing,EU
REC-8d919c5b-0728,CUST-8D1955F647,identity,US-CA
REC-8d919c5b-0729,CUST-13FA0D454C,support,NG
REC-8d919c5b-0730,CUST-31D3923A4E,billing,EU
REC-8d919c5b-0731,CUST-869B8998B9,identity,US-CA
REC-8d919c5b-0732,CUST-071C151495,support,NG
REC-8d919c5b-0733,CUST-B7A557EFD9,billing,EU
REC-8d919c5b-0734,CUST-226A86A8C0,identity,US-CA
REC-8d919c5b-0735,CUST-934179EE1C,support,NG
REC-8d919c5b-0736,CUST-837423A5DC,billing,EU
REC-8d919c5b-0737,CUST-49A4C410DF,identity,US-CA
REC-8d919c5b-0738,CUST-5075B3F4C6,support,NG
REC-8d919c5b-0739,CUST-03565ABB42,billing,EU
REC-8d919c5b-0740,CUST-0CCD77EEB2,identity,US-CA
REC-8d919c5b-0741,CUST-314E3B147B,support,NG
REC-8d919c5b-0742,CUST-9B1CE6A964,billing,EU
REC-8d919c5b-0743,CUST-DE234F6907,identity,US-CA
REC-8d919c5b-0744,CUST-B38DF03700,support,NG
REC-8d919c5b-0745,CUST-C4539A58CC,billing,EU
REC-8d919c5b-0746,CUST-DD103E07A8,identity,US-CA
REC-8d919c5b-0747,CUST-731A0426C5,support,NG
REC-8d919c5b-0748,CUST-9BEB97E11A,billing,EU
REC-8d919c5b-0749,CUST-6C589B43FA,identity,US-CA
REC-8d919c5b-0750,CUST-DC439A9721,support,NG
REC-8d919c5b-0751,CUST-CED6EA501A,billing,EU
REC-8d919c5b-0752,CUST-426AC060A5,identity,US-CA
REC-8d919c5b-0753,CUST-8A3FF0EBF4,support,NG
REC-8d919c5b-0754,CUST-4C077B3F09,billing,EU
REC-8d919c5b-0755,CUST-A45637D6E6,identity,US-CA
REC-8d919c5b-0756,CUST-45AF82F121,support,NG
REC-8d919c5b-0757,CUST-217A0F58CB,billing,EU
REC-8d919c5b-0758,CUST-BE855E7CDB,identity,US-CA
REC-8d919c5b-0759,CUST-02BB3D199A,support,NG
REC-8d919c5b-0760,CUST-34A68DA41E,billing,EU
REC-8d919c5b-0761,CUST-D6DEBEF455,identity,US-CA
REC-8d919c5b-0762,CUST-BA3179AD1D,support,NG
REC-8d919c5b-0763,CUST-1E9ADD7214,billing,EU
REC-8d919c5b-0764,CUST-712D893F05,identity,US-CA
REC-8d919c5b-0765,CUST-4275923DFC,support,NG
REC-8d919c5b-0766,CUST-592548F9A5,billing,EU
REC-8d919c5b-0767,CUST-9BB07AC3E2,identity,US-CA
REC-8d919c5b-0768,CUST-8A67E441FD,support,NG
REC-8d919c5b-0769,CUST-E6E830F6E0,billing,EU
REC-8d919c5b-0770,CUST-80A39D35B7,identity,US-CA
REC-8d919c5b-0771,CUST-AF74CBF51D,support,NG
REC-8d919c5b-0772,CUST-B889C27CF9,billing,EU
REC-8d919c5b-0773,CUST-6EF5B34DCD,identity,US-CA
REC-8d919c5b-0774,CUST-854E78CA76,support,NG
REC-8d919c5b-0775,CUST-67A69040FD,billing,EU
REC-8d919c5b-0776,CUST-1530690610,identity,US-CA
REC-8d919c5b-0777,CUST-6421C65A9C,support,NG
REC-8d919c5b-0778,CUST-D6669F847A,billing,EU
REC-8d919c5b-0779,CUST-CB4B4CE9A7,identity,US-CA
REC-8d919c5b-0780,CUST-5FDA2F37DB,support,NG
REC-8d919c5b-0781,CUST-751A192E0C,billing,EU
REC-8d919c5b-0782,CUST-52AD860A0D,identity,US-CA
REC-8d919c5b-0783,CUST-807A0A89D9,support,NG
REC-8d919c5b-0784,CUST-ABA3E44A5B,billing,EU
REC-8d919c5b-0785,CUST-B4B852F0D1,identity,US-CA
REC-8d919c5b-0786,CUST-C70D4F77BB,support,NG
REC-8d919c5b-0787,CUST-207C8AFF64,billing,EU
REC-8d919c5b-0788,CUST-E3BBB24B82,identity,US-CA
REC-8d919c5b-0789,CUST-8CA471745D,support,NG
REC-8d919c5b-0790,CUST-6EC07DE10C,billing,EU
REC-8d919c5b-0791,CUST-7F05FFEC2B,identity,US-CA
REC-8d919c5b-0792,CUST-3CF99A46B2,support,NG
REC-8d919c5b-0793,CUST-0D0E5D5146,billing,EU
REC-8d919c5b-0794,CUST-9CC4B85C94,identity,US-CA
REC-8d919c5b-0795,CUST-C7E844B693,support,NG
REC-8d919c5b-0796,CUST-9EB41BB64C,billing,EU
REC-8d919c5b-0797,CUST-30EDF6BB71,identity,US-CA
REC-8d919c5b-0798,CUST-EF4CCE9302,support,NG
REC-8d919c5b-0799,CUST-463869B6E0,billing,EU
REC-8d919c5b-0800,CUST-B4C8816370,identity,US-CA
REC-8d919c5b-0801,CUST-4470B5E85A,support,NG
REC-8d919c5b-0802,CUST-97E4613DEC,billing,EU
REC-8d919c5b-0803,CUST-E2B581ABD4,identity,US-CA
REC-8d919c5b-0804,CUST-5ADDE69988,support,NG
REC-8d919c5b-0805,CUST-BA5376C7B5,billing,EU
REC-8d919c5b-0806,CUST-29F77B711B,identity,US-CA
REC-8d919c5b-0807,CUST-78A0ECC85E,support,NG
REC-8d919c5b-0808,CUST-C49F5D26A4,billing,EU
REC-8d919c5b-0809,CUST-72F86E2B36,identity,US-CA
REC-8d919c5b-0810,CUST-2588901E9E,support,NG
REC-8d919c5b-0811,CUST-CC3628CC86,billing,EU
REC-8d919c5b-0812,CUST-41FD5B585E,identity,US-CA
REC-8d919c5b-0813,CUST-5D030DC544,support,NG
REC-8d919c5b-0814,CUST-1AC1F505FB,billing,EU
REC-8d919c5b-0815,CUST-AD04160D74,identity,US-CA
REC-8d919c5b-0816,CUST-93150EE01E,support,NG
REC-8d919c5b-0817,CUST-7BC8BC1774,billing,EU
REC-8d919c5b-0818,CUST-A57E50BFCC,identity,US-CA
REC-8d919c5b-0819,CUST-012CE68A59,support,NG
REC-8d919c5b-0820,CUST-77EA07E4F2,billing,EU
REC-8d919c5b-0821,CUST-ABBD5BCBE8,identity,US-CA
REC-8d919c5b-0822,CUST-2DB3561732,support,NG
REC-8d919c5b-0823,CUST-7BB453123E,billing,EU
REC-8d919c5b-0824,CUST-3AD6D0F01D,identity,US-CA
REC-8d919c5b-0825,CUST-40A7D2A9D5,support,NG
REC-8d919c5b-0826,CUST-21EFD007BC,billing,EU
REC-8d919c5b-0827,CUST-FFF5362B43,identity,US-CA
REC-8d919c5b-0828,CUST-64B7C3A89D,support,NG
REC-8d919c5b-0829,CUST-A04674B12D,billing,EU
REC-8d919c5b-0830,CUST-502E9105A4,identity,US-CA
REC-8d919c5b-0831,CUST-E4F1A9846F,support,NG
REC-8d919c5b-0832,CUST-80F16BA485,billing,EU
REC-8d919c5b-0833,CUST-46C5A657A9,identity,US-CA
REC-8d919c5b-0834,CUST-B4270825C3,support,NG
REC-8d919c5b-0835,CUST-4B11ECF64D,billing,EU
REC-8d919c5b-0836,CUST-0151998F68,identity,US-CA
REC-8d919c5b-0837,CUST-9AE00042A2,support,NG
REC-8d919c5b-0838,CUST-3B40EF06AE,billing,EU
REC-8d919c5b-0839,CUST-B96F8D3A0F,identity,US-CA
REC-8d919c5b-0840,CUST-9EC9EE0CAC,support,NG
REC-8d919c5b-0841,CUST-B2610E86DF,billing,EU
REC-8d919c5b-0842,CUST-00EA2ECF8F,identity,US-CA
REC-8d919c5b-0843,CUST-DD281EE6F5,support,NG
REC-8d919c5b-0844,CUST-2528CFE7AF,billing,EU
REC-8d919c5b-0845,CUST-1DAB6773BB,identity,US-CA
REC-8d919c5b-0846,CUST-98C885FA29,support,NG
REC-8d919c5b-0847,CUST-A323DC20DA,billing,EU
REC-8d919c5b-0848,CUST-A1585272F6,identity,US-CA
REC-8d919c5b-0849,CUST-F1C5EA106A,support,NG
REC-8d919c5b-0850,CUST-F1FF03ED8D,billing,EU
REC-8d919c5b-0851,CUST-B7397616DA,identity,US-CA
REC-8d919c5b-0852,CUST-CD62DD963D,support,NG
REC-8d919c5b-0853,CUST-0FADABB2AF,billing,EU
REC-8d919c5b-0854,CUST-2CEEBCF99A,identity,US-CA
REC-8d919c5b-0855,CUST-BD775BA8C2,support,NG
REC-8d919c5b-0856,CUST-528B8A9416,billing,EU
REC-8d919c5b-0857,CUST-A96C32B36E,identity,US-CA
REC-8d919c5b-0858,CUST-A136BBDF5B,support,NG
REC-8d919c5b-0859,CUST-8B295787C8,billing,EU
REC-8d919c5b-0860,CUST-2CB0326B9E,identity,US-CA
REC-8d919c5b-0861,CUST-E6EFDBCCA4,support,NG
REC-8d919c5b-0862,CUST-104BA697DB,billing,EU
REC-8d919c5b-0863,CUST-FEB35FDD47,identity,US-CA
REC-8d919c5b-0864,CUST-E5CB27DA11,support,NG
REC-8d919c5b-0865,CUST-BD492A78B3,billing,EU
REC-8d919c5b-0866,CUST-19AE8E8073,identity,US-CA
REC-8d919c5b-0867,CUST-9584CFA7BB,support,NG
REC-8d919c5b-0868,CUST-D5DAD19CE9,billing,EU
REC-8d919c5b-0869,CUST-B0B330A05C,identity,US-CA
REC-8d919c5b-0870,CUST-1AFC3A15DD,support,NG
REC-8d919c5b-0871,CUST-6137489F3A,billing,EU
REC-8d919c5b-0872,CUST-2BD70929BF,identity,US-CA
REC-8d919c5b-0873,CUST-3C913424B7,support,NG
REC-8d919c5b-0874,CUST-F385A1C535,billing,EU
REC-8d919c5b-0875,CUST-433CA1CF5A,identity,US-CA
REC-8d919c5b-0876,CUST-9D3D0AFFCF,support,NG
REC-8d919c5b-0877,CUST-3E8AED253D,billing,EU
REC-8d919c5b-0878,CUST-BDE97D6B70,identity,US-CA
REC-8d919c5b-0879,CUST-ED900EC9FF,support,NG
REC-8d919c5b-0880,CUST-FF9B3F11B8,billing,EU
REC-8d919c5b-0881,CUST-5C5C69CCE0,identity,US-CA
REC-8d919c5b-0882,CUST-410D9DAE49,support,NG
REC-8d919c5b-0883,CUST-1258D60634,billing,EU
REC-8d919c5b-0884,CUST-ECA8DF7B2D,identity,US-CA
REC-8d919c5b-0885,CUST-FBC0411943,support,NG
REC-8d919c5b-0886,CUST-84C72BFB97,billing,EU
REC-8d919c5b-0887,CUST-1BF8AD6121,identity,US-CA
REC-8d919c5b-0888,CUST-09DBB2230D,support,NG
REC-8d919c5b-0889,CUST-6A73D9B456,billing,EU
REC-8d919c5b-0890,CUST-35A916EDAC,identity,US-CA
REC-8d919c5b-0891,CUST-4BE09FBAA5,support,NG
REC-8d919c5b-0892,CUST-B29E164D68,billing,EU
REC-8d919c5b-0893,CUST-08C6F54647,identity,US-CA
REC-8d919c5b-0894,CUST-3A8B41EE2B,support,NG
REC-8d919c5b-0895,CUST-F369965C1D,billing,EU
REC-8d919c5b-0896,CUST-C301F288A3,identity,US-CA
REC-8d919c5b-0897,CUST-265D376930,support,NG
REC-8d919c5b-0898,CUST-9E8495D6EC,billing,EU
REC-8d919c5b-0899,CUST-176E2204FA,identity,US-CA
REC-8d919c5b-0900,CUST-00EB239C33,support,NG
REC-8d919c5b-0901,CUST-A339B56615,billing,EU
REC-8d919c5b-0902,CUST-15797867E9,identity,US-CA
REC-8d919c5b-0903,CUST-D1395B399B,support,NG
REC-8d919c5b-0904,CUST-CEDEDF20D8,billing,EU
REC-8d919c5b-0905,CUST-F4D400007B,identity,US-CA
REC-8d919c5b-0906,CUST-F346C9D4C9,support,NG
REC-8d919c5b-0907,CUST-FB9D1B10EF,billing,EU
REC-8d919c5b-0908,CUST-7140B4BF90,identity,US-CA
REC-8d919c5b-0909,CUST-8A4328FDF9,support,NG
REC-8d919c5b-0910,CUST-D070B18892,billing,EU
REC-8d919c5b-0911,CUST-88D8A6CDA1,identity,US-CA
REC-8d919c5b-0912,CUST-09BC9EB74B,support,NG
REC-8d919c5b-0913,CUST-B91F0A25AF,billing,EU
REC-8d919c5b-0914,CUST-9DAC14A704,identity,US-CA
REC-8d919c5b-0915,CUST-E9A562A4B9,support,NG
REC-8d919c5b-0916,CUST-DFAFD6F03D,billing,EU
REC-8d919c5b-0917,CUST-E1DA91E5DF,identity,US-CA
REC-8d919c5b-0918,CUST-D47BEEE9AC,support,NG
REC-8d919c5b-0919,CUST-5C0AFC5A55,billing,EU
REC-8d919c5b-0920,CUST-05E9E7447A,identity,US-CA
REC-8d919c5b-0921,CUST-27F9B67D1F,support,NG
REC-8d919c5b-0922,CUST-D343CCBC82,billing,EU
REC-8d919c5b-0923,CUST-CE5EEF10D1,identity,US-CA
REC-8d919c5b-0924,CUST-1BABDD53D4,support,NG
REC-8d919c5b-0925,CUST-E76F391A94,billing,EU
REC-8d919c5b-0926,CUST-20113543AA,identity,US-CA
REC-8d919c5b-0927,CUST-3838950580,support,NG
REC-8d919c5b-0928,CUST-59319B44D8,billing,EU
REC-8d919c5b-0929,CUST-8FBB3C3A28,identity,US-CA
REC-8d919c5b-0930,CUST-6C43DAED63,support,NG
REC-8d919c5b-0931,CUST-F612702B86,billing,EU
REC-8d919c5b-0932,CUST-41B920D61F,identity,US-CA
REC-8d919c5b-0933,CUST-90448600DA,support,NG
REC-8d919c5b-0934,CUST-A43E3FB6F1,billing,EU
REC-8d919c5b-0935,CUST-2D59246654,identity,US-CA
REC-8d919c5b-0936,CUST-ABB0A77ABC,support,NG
REC-8d919c5b-0937,CUST-D82FBE7761,billing,EU
REC-8d919c5b-0938,CUST-8EDB410910,identity,US-CA
REC-8d919c5b-0939,CUST-D9D97DD6FB,support,NG
REC-8d919c5b-0940,CUST-9E04293876,billing,EU
REC-8d919c5b-0941,CUST-F73CABAABD,identity,US-CA
REC-8d919c5b-0942,CUST-9DF2923B2E,support,NG
REC-8d919c5b-0943,CUST-655B8C0B7C,billing,EU
REC-8d919c5b-0944,CUST-B990397737,identity,US-CA
REC-8d919c5b-0945,CUST-B40EDBD578,support,NG
REC-8d919c5b-0946,CUST-303CF7546A,billing,EU
REC-8d919c5b-0947,CUST-3E497A8E37,identity,US-CA
REC-8d919c5b-0948,CUST-C456638C53,support,NG
REC-8d919c5b-0949,CUST-9C502729A5,billing,EU
REC-8d919c5b-0950,CUST-F25F2EF2A8,identity,US-CA
REC-8d919c5b-0951,CUST-EA2A689114,support,NG
REC-8d919c5b-0952,CUST-E0E7D6EBD7,billing,EU
REC-8d919c5b-0953,CUST-AC54004741,identity,US-CA
REC-8d919c5b-0954,CUST-F578F17B6F,support,NG
REC-8d919c5b-0955,CUST-1572AA6769,billing,EU
REC-8d919c5b-0956,CUST-1201B99E7A,identity,US-CA
REC-8d919c5b-0957,CUST-03DDA2C518,support,NG
REC-8d919c5b-0958,CUST-3F5032C794,billing,EU
REC-8d919c5b-0959,CUST-849502C732,identity,US-CA
REC-8d919c5b-0960,CUST-33BE0BBE25,support,NG
REC-8d919c5b-0961,CUST-85877031BF,billing,EU
REC-8d919c5b-0962,CUST-40EDE7E90E,identity,US-CA
REC-8d919c5b-0963,CUST-0BEEFF9861,support,NG
REC-8d919c5b-0964,CUST-5465590D45,billing,EU
REC-8d919c5b-0965,CUST-1C2A8BBC9F,identity,US-CA
REC-8d919c5b-0966,CUST-C109B76593,support,NG
REC-8d919c5b-0967,CUST-E7E44FE7E3,billing,EU
REC-8d919c5b-0968,CUST-70A2C62FEE,identity,US-CA
REC-8d919c5b-0969,CUST-D5E34E5035,support,NG
REC-8d919c5b-0970,CUST-972F4A2B23,billing,EU
REC-8d919c5b-0971,CUST-5319BCCB77,identity,US-CA
REC-8d919c5b-0972,CUST-C231C4E03E,support,NG
REC-8d919c5b-0973,CUST-219E637BF4,billing,EU
REC-8d919c5b-0974,CUST-7D960C47A9,identity,US-CA
REC-8d919c5b-0975,CUST-12AB3CC31C,support,NG
REC-8d919c5b-0976,CUST-9C4C2A96B6,billing,EU
REC-8d919c5b-0977,CUST-A0DE3E9371,identity,US-CA
REC-8d919c5b-0978,CUST-36483DE41F,support,NG
REC-8d919c5b-0979,CUST-DB61298EA6,billing,EU
REC-8d919c5b-0980,CUST-ED846ADCE4,identity,US-CA
REC-8d919c5b-0981,CUST-C5BC04D78B,support,NG
REC-8d919c5b-0982,CUST-3D42030C0D,billing,EU
REC-8d919c5b-0983,CUST-317F2103A5,identity,US-CA
REC-8d919c5b-0984,CUST-D2B71840C9,support,NG
REC-8d919c5b-0985,CUST-E45CFFF2E9,billing,EU
REC-8d919c5b-0986,CUST-CC8C63D13D,identity,US-CA
REC-8d919c5b-0987,CUST-8DA5C6FFF8,support,NG
REC-8d919c5b-0988,CUST-200DE75DA3,billing,EU
REC-8d919c5b-0989,CUST-12D6B903C1,identity,US-CA
REC-8d919c5b-0990,CUST-8CEB2ABC07,support,NG
REC-8d919c5b-0991,CUST-396695F12F,billing,EU
REC-8d919c5b-0992,CUST-DC0E2F102C,identity,US-CA
REC-8d919c5b-0993,CUST-B5158DD494,support,NG
REC-8d919c5b-0994,CUST-7F003C8B9B,billing,EU
REC-8d919c5b-0995,CUST-D7A36BB600,identity,US-CA
REC-8d919c5b-0996,CUST-73BD134F02,support,NG
REC-8d919c5b-0997,CUST-322E3070D6,billing,EU
REC-8d919c5b-0998,CUST-257D076EF0,identity,US-CA
REC-8d919c5b-0999,CUST-139B057038,support,NG
REC-8d919c5b-1000,CUST-3855D6F47F,billing,EU
REC-8d919c5b-1001,CUST-D233C26807,identity,US-CA
REC-8d919c5b-1002,CUST-91AE04EBFB,support,NG
REC-8d919c5b-1003,CUST-5531ECB803,billing,EU
REC-8d919c5b-1004,CUST-50167D09EF,identity,US-CA
REC-8d919c5b-1005,CUST-EEB7726424,support,NG
REC-8d919c5b-1006,CUST-B4383A11D4,billing,EU
REC-8d919c5b-1007,CUST-45C998E3FE,identity,US-CA
REC-8d919c5b-1008,CUST-3D46717A45,support,NG
REC-8d919c5b-1009,CUST-EAF14679F2,billing,EU
REC-8d919c5b-1010,CUST-01050C2265,identity,US-CA
REC-8d919c5b-1011,CUST-AA5A883703,support,NG
REC-8d919c5b-1012,CUST-D52BEA73E4,billing,EU
REC-8d919c5b-1013,CUST-ACB027F866,identity,US-CA
REC-8d919c5b-1014,CUST-EE893CE5A3,support,NG
REC-8d919c5b-1015,CUST-17C2144BCA,billing,EU
REC-8d919c5b-1016,CUST-AA123EA7C7,identity,US-CA
REC-8d919c5b-1017,CUST-20B9C86FF1,support,NG
REC-8d919c5b-1018,CUST-90BDCDAC64,billing,EU
REC-8d919c5b-1019,CUST-61FFE385F4,identity,US-CA
REC-8d919c5b-1020,CUST-7B7D820AE7,support,NG
REC-8d919c5b-1021,CUST-9762BCB00E,billing,EU
REC-8d919c5b-1022,CUST-5DE97115BA,identity,US-CA
REC-8d919c5b-1023,CUST-9E80E98E76,support,NG
REC-8d919c5b-1024,CUST-6C02254FD4,billing,EU
REC-8d919c5b-1025,CUST-01DF15B1C6,identity,US-CA
REC-8d919c5b-1026,CUST-5062EC022F,support,NG
REC-8d919c5b-1027,CUST-EC7B3487C0,billing,EU
REC-8d919c5b-1028,CUST-B6748D2641,identity,US-CA
REC-8d919c5b-1029,CUST-FE9236E045,support,NG
REC-8d919c5b-1030,CUST-8151D38221,billing,EU
REC-8d919c5b-1031,CUST-BA507F881D,identity,US-CA
REC-8d919c5b-1032,CUST-1BCED03A76,support,NG
REC-8d919c5b-1033,CUST-BA33B85168,billing,EU
REC-8d919c5b-1034,CUST-66386FEB25,identity,US-CA
REC-8d919c5b-1035,CUST-8BD9386072,support,NG
REC-8d919c5b-1036,CUST-5DFFC73CD7,billing,EU
REC-8d919c5b-1037,CUST-8A1960A576,identity,US-CA
REC-8d919c5b-1038,CUST-27318DCF34,support,NG
REC-8d919c5b-1039,CUST-BE05BF91D7,billing,EU
REC-8d919c5b-1040,CUST-1ED3920D6D,identity,US-CA
REC-8d919c5b-1041,CUST-04218B3983,support,NG
REC-8d919c5b-1042,CUST-4D00CE1FBD,billing,EU
REC-8d919c5b-1043,CUST-41F601C709,identity,US-CA
REC-8d919c5b-1044,CUST-A38D64140C,support,NG
REC-8d919c5b-1045,CUST-192B6D36BD,billing,EU
REC-8d919c5b-1046,CUST-C49BEA7CBF,identity,US-CA
REC-8d919c5b-1047,CUST-CB37FF2124,support,NG
REC-8d919c5b-1048,CUST-730E90E3C1,billing,EU
REC-8d919c5b-1049,CUST-54AE0C3D95,identity,US-CA
REC-8d919c5b-1050,CUST-62FCB3E0C1,support,NG
REC-8d919c5b-1051,CUST-5B3813223E,billing,EU
REC-8d919c5b-1052,CUST-64C7A78E1A,identity,US-CA
REC-8d919c5b-1053,CUST-93E2859BC4,support,NG
REC-8d919c5b-1054,CUST-3B8110016E,billing,EU
REC-8d919c5b-1055,CUST-DDC3AB8B7A,identity,US-CA
REC-8d919c5b-1056,CUST-508F947EBE,support,NG
REC-8d919c5b-1057,CUST-7A908BD9D5,billing,EU
REC-8d919c5b-1058,CUST-FC49527121,identity,US-CA
REC-8d919c5b-1059,CUST-688A635C81,support,NG
REC-8d919c5b-1060,CUST-49B2A458D7,billing,EU
REC-8d919c5b-1061,CUST-C25F7CFDFC,identity,US-CA
REC-8d919c5b-1062,CUST-DD1577B848,support,NG
REC-8d919c5b-1063,CUST-44B94E1B5F,billing,EU
REC-8d919c5b-1064,CUST-BE712C5BBF,identity,US-CA
REC-8d919c5b-1065,CUST-12859AECA3,support,NG
REC-8d919c5b-1066,CUST-A25A072A37,billing,EU
REC-8d919c5b-1067,CUST-DF95F257CB,identity,US-CA
REC-8d919c5b-1068,CUST-E5D0548845,support,NG
REC-8d919c5b-1069,CUST-0975362FD7,billing,EU
REC-8d919c5b-1070,CUST-F392ADC7EB,identity,US-CA
REC-8d919c5b-1071,CUST-39FB0C22C6,support,NG
REC-8d919c5b-1072,CUST-FE33D62CC2,billing,EU
REC-8d919c5b-1073,CUST-27FA55F87B,identity,US-CA
REC-8d919c5b-1074,CUST-59AC0A018D,support,NG
REC-8d919c5b-1075,CUST-03F52DE15F,billing,EU
REC-8d919c5b-1076,CUST-1463FD67A7,identity,US-CA
REC-8d919c5b-1077,CUST-DF971940C9,support,NG
REC-8d919c5b-1078,CUST-A203C31083,billing,EU
REC-8d919c5b-1079,CUST-69DF0AC4A6,identity,US-CA
REC-8d919c5b-1080,CUST-E75E4B100C,support,NG
REC-8d919c5b-1081,CUST-9BA5085178,billing,EU
REC-8d919c5b-1082,CUST-5595891E04,identity,US-CA
REC-8d919c5b-1083,CUST-70D6FDBDBE,support,NG
REC-8d919c5b-1084,CUST-4CB01354DB,billing,EU
REC-8d919c5b-1085,CUST-C116C76176,identity,US-CA
REC-8d919c5b-1086,CUST-A98D37568C,support,NG
REC-8d919c5b-1087,CUST-4B103C3C2E,billing,EU
REC-8d919c5b-1088,CUST-09626C89C6,identity,US-CA
REC-8d919c5b-1089,CUST-CBA46AB599,support,NG
REC-8d919c5b-1090,CUST-CD0D1AFC04,billing,EU
REC-8d919c5b-1091,CUST-8462BCA39E,identity,US-CA
REC-8d919c5b-1092,CUST-77FE447F29,support,NG
REC-8d919c5b-1093,CUST-76AB1DC9FB,billing,EU
REC-8d919c5b-1094,CUST-131E6A2AC6,identity,US-CA
REC-8d919c5b-1095,CUST-7372C31B67,support,NG
REC-8d919c5b-1096,CUST-E928E3991D,billing,EU
REC-8d919c5b-1097,CUST-D19DF2E2F0,identity,US-CA
REC-8d919c5b-1098,CUST-FAC90C681D,support,NG
REC-8d919c5b-1099,CUST-49803CB6B0,billing,EU
REC-8d919c5b-1100,CUST-53777F353F,identity,US-CA
REC-8d919c5b-1101,CUST-E166EBC6A8,support,NG
REC-8d919c5b-1102,CUST-75F54227BA,billing,EU
REC-8d919c5b-1103,CUST-DF99696ECC,identity,US-CA
REC-8d919c5b-1104,CUST-BF9A93D3E9,support,NG
REC-8d919c5b-1105,CUST-B944D2C640,billing,EU
REC-8d919c5b-1106,CUST-E4D30C77F8,identity,US-CA
REC-8d919c5b-1107,CUST-F33C29022E,support,NG
REC-8d919c5b-1108,CUST-05127C114E,billing,EU
REC-8d919c5b-1109,CUST-B7292128B3,identity,US-CA
REC-8d919c5b-1110,CUST-DBD0C50562,support,NG
REC-8d919c5b-1111,CUST-8DB8B0F0C0,billing,EU
REC-8d919c5b-1112,CUST-D1A7925815,identity,US-CA
REC-8d919c5b-1113,CUST-FAA2761858,support,NG
REC-8d919c5b-1114,CUST-0B00BDE871,billing,EU
REC-8d919c5b-1115,CUST-08852AF881,identity,US-CA
REC-8d919c5b-1116,CUST-DFB79D7FC7,support,NG
REC-8d919c5b-1117,CUST-39BDE237F1,billing,EU
REC-8d919c5b-1118,CUST-FB2FDD6AB4,identity,US-CA
REC-8d919c5b-1119,CUST-5C6D18AF75,support,NG
REC-8d919c5b-1120,CUST-1CC4532E26,billing,EU
REC-8d919c5b-1121,CUST-0B25A90AA7,identity,US-CA
REC-8d919c5b-1122,CUST-817AE1C9FF,support,NG
REC-8d919c5b-1123,CUST-78A32FC6CD,billing,EU
REC-8d919c5b-1124,CUST-B483C69D7F,identity,US-CA
REC-8d919c5b-1125,CUST-0AEC9E10FD,support,NG
REC-8d919c5b-1126,CUST-694C2CC89E,billing,EU
REC-8d919c5b-1127,CUST-357BA28115,identity,US-CA
REC-8d919c5b-1128,CUST-1097500235,support,NG
REC-8d919c5b-1129,CUST-F74302F364,billing,EU
REC-8d919c5b-1130,CUST-46B6975869,identity,US-CA
REC-8d919c5b-1131,CUST-1B2300F9B1,support,NG
REC-8d919c5b-1132,CUST-D9705191B6,billing,EU
REC-8d919c5b-1133,CUST-E2E273BA48,identity,US-CA
REC-8d919c5b-1134,CUST-83FA825C97,support,NG
REC-8d919c5b-1135,CUST-CC52A8442D,billing,EU
REC-8d919c5b-1136,CUST-504A9376B8,identity,US-CA
REC-8d919c5b-1137,CUST-1C6A41EC67,support,NG
REC-8d919c5b-1138,CUST-F76921E725,billing,EU
REC-8d919c5b-1139,CUST-872929CC7F,identity,US-CA
REC-8d919c5b-1140,CUST-837210B4CB,support,NG
REC-8d919c5b-1141,CUST-DB24AA3C4C,billing,EU
REC-8d919c5b-1142,CUST-A2EE7D8B48,identity,US-CA
REC-8d919c5b-1143,CUST-14435D32AE,support,NG
REC-8d919c5b-1144,CUST-E045B987ED,billing,EU
REC-8d919c5b-1145,CUST-47180A05FB,identity,US-CA
REC-8d919c5b-1146,CUST-1875B5A25B,support,NG
REC-8d919c5b-1147,CUST-05FA5DD185,billing,EU
REC-8d919c5b-1148,CUST-47DCC00305,identity,US-CA
REC-8d919c5b-1149,CUST-6C956EBDB5,support,NG
REC-8d919c5b-1150,CUST-EDC7BDCEC3,billing,EU
REC-8d919c5b-1151,CUST-4D38CFB289,identity,US-CA
REC-8d919c5b-1152,CUST-3856A8BFE2,support,NG
REC-8d919c5b-1153,CUST-9A095B51AE,billing,EU
REC-8d919c5b-1154,CUST-9FCD405BDE,identity,US-CA
REC-8d919c5b-1155,CUST-3BDDE3A368,support,NG
REC-8d919c5b-1156,CUST-F24A65C067,billing,EU
REC-8d919c5b-1157,CUST-054310F6A2,identity,US-CA
REC-8d919c5b-1158,CUST-E8158746B4,support,NG
REC-8d919c5b-1159,CUST-18775554B0,billing,EU
REC-8d919c5b-1160,CUST-323FD5F7E5,identity,US-CA
REC-8d919c5b-1161,CUST-EB3AC23A31,support,NG
REC-8d919c5b-1162,CUST-5E334947D9,billing,EU
REC-8d919c5b-1163,CUST-E5E327F787,identity,US-CA
REC-8d919c5b-1164,CUST-547D82E44D,support,NG
REC-8d919c5b-1165,CUST-4015BA4C84,billing,EU
REC-8d919c5b-1166,CUST-7E2AAD8E43,identity,US-CA
REC-8d919c5b-1167,CUST-42CCAF32ED,support,NG
REC-8d919c5b-1168,CUST-36CA8525BA,billing,EU
REC-8d919c5b-1169,CUST-B4BE766E9E,identity,US-CA
REC-8d919c5b-1170,CUST-CC0C363887,support,NG
REC-8d919c5b-1171,CUST-909612A31C,billing,EU
REC-8d919c5b-1172,CUST-48227A2317,identity,US-CA
REC-8d919c5b-1173,CUST-FAEB10C871,support,NG
REC-8d919c5b-1174,CUST-4BDEC8E510,billing,EU
REC-8d919c5b-1175,CUST-98730B3F01,identity,US-CA
REC-8d919c5b-1176,CUST-0990794467,support,NG
REC-8d919c5b-1177,CUST-0FAD9A0D39,billing,EU
REC-8d919c5b-1178,CUST-456C2D1813,identity,US-CA
REC-8d919c5b-1179,CUST-D7FD6089EF,support,NG
REC-8d919c5b-1180,CUST-79978BBA76,billing,EU
REC-8d919c5b-1181,CUST-5C34C94A2C,identity,US-CA
REC-8d919c5b-1182,CUST-4BDF122F77,support,NG
REC-8d919c5b-1183,CUST-B854A38592,billing,EU
REC-8d919c5b-1184,CUST-01B9DD543F,identity,US-CA
REC-8d919c5b-1185,CUST-52CD0250B6,support,NG
REC-8d919c5b-1186,CUST-7BB489B8B8,billing,EU
REC-8d919c5b-1187,CUST-C43D834783,identity,US-CA
REC-8d919c5b-1188,CUST-465F51FC7D,support,NG
REC-8d919c5b-1189,CUST-F1449CBEAF,billing,EU
REC-8d919c5b-1190,CUST-BE3C8C868B,identity,US-CA
REC-8d919c5b-1191,CUST-161060064E,support,NG
REC-8d919c5b-1192,CUST-10BF4622C3,billing,EU
REC-8d919c5b-1193,CUST-32B21A0CB8,identity,US-CA
REC-8d919c5b-1194,CUST-BD71878798,support,NG
REC-8d919c5b-1195,CUST-491DB38E37,billing,EU
REC-8d919c5b-1196,CUST-3A9B0A7AC9,identity,US-CA
REC-8d919c5b-1197,CUST-33A8D9610F,support,NG
REC-8d919c5b-1198,CUST-6160DFFB1E,billing,EU
REC-8d919c5b-1199,CUST-507A7FB468,identity,US-CA
REC-8d919c5b-1200,CUST-3C387969CF,support,NG
REC-8d919c5b-1201,CUST-E92BF4211A,billing,EU
REC-8d919c5b-1202,CUST-F50EBF5A91,identity,US-CA
REC-8d919c5b-1203,CUST-D41C83A12A,support,NG
REC-8d919c5b-1204,CUST-361940F7AC,billing,EU
REC-8d919c5b-1205,CUST-B63F4A241D,identity,US-CA
REC-8d919c5b-1206,CUST-3EEA7F2972,support,NG
REC-8d919c5b-1207,CUST-7EEAE44462,billing,EU
REC-8d919c5b-1208,CUST-C4DD8B766E,identity,US-CA
REC-8d919c5b-1209,CUST-9A3B160C7C,support,NG
REC-8d919c5b-1210,CUST-37884A517C,billing,EU
REC-8d919c5b-1211,CUST-7561F55843,identity,US-CA
REC-8d919c5b-1212,CUST-08FD660D81,support,NG
REC-8d919c5b-1213,CUST-E52B6AB376,billing,EU
REC-8d919c5b-1214,CUST-13838819B0,identity,US-CA
REC-8d919c5b-1215,CUST-C26F78A596,support,NG
REC-8d919c5b-1216,CUST-5E995FDB1A,billing,EU
REC-8d919c5b-1217,CUST-21D7A3F616,identity,US-CA
REC-8d919c5b-1218,CUST-D1EE419D86,support,NG
REC-8d919c5b-1219,CUST-9A269A1385,billing,EU
REC-8d919c5b-1220,CUST-F587FA5250,identity,US-CA
REC-8d919c5b-1221,CUST-9FD006EB9F,support,NG
REC-8d919c5b-1222,CUST-C6699503FA,billing,EU
REC-8d919c5b-1223,CUST-012E06B197,identity,US-CA
REC-8d919c5b-1224,CUST-31270E801E,support,NG
REC-8d919c5b-1225,CUST-80BBC790F5,billing,EU
REC-8d919c5b-1226,CUST-1189230364,identity,US-CA
REC-8d919c5b-1227,CUST-3452FD52E3,support,NG
REC-8d919c5b-1228,CUST-2ED22970F8,billing,EU
REC-8d919c5b-1229,CUST-67C4A0D3C6,identity,US-CA
REC-8d919c5b-1230,CUST-9CF1D92582,support,NG
REC-8d919c5b-1231,CUST-D3F5A01998,billing,EU
REC-8d919c5b-1232,CUST-BD886BD4AB,identity,US-CA
REC-8d919c5b-1233,CUST-DE262AEB3C,support,NG
REC-8d919c5b-1234,CUST-F80E07C02F,billing,EU
REC-8d919c5b-1235,CUST-AD7DEC8AFA,identity,US-CA
REC-8d919c5b-1236,CUST-AB3961689C,support,NG
REC-8d919c5b-1237,CUST-179067964E,billing,EU
REC-8d919c5b-1238,CUST-A15B261BC4,identity,US-CA
REC-8d919c5b-1239,CUST-C5F8714B10,support,NG
REC-8d919c5b-1240,CUST-52F23C8C82,billing,EU
REC-8d919c5b-1241,CUST-FA2F3F10C4,identity,US-CA
REC-8d919c5b-1242,CUST-70554F0CF7,support,NG
REC-8d919c5b-1243,CUST-F3A235BF99,billing,EU
REC-8d919c5b-1244,CUST-12E61AD90E,identity,US-CA
REC-8d919c5b-1245,CUST-8BE4344C19,support,NG
REC-8d919c5b-1246,CUST-A9CD1D6B36,billing,EU
REC-8d919c5b-1247,CUST-CBF43CEF2F,identity,US-CA
REC-8d919c5b-1248,CUST-9CCB818886,support,NG
REC-8d919c5b-1249,CUST-B0EBAA5272,billing,EU
REC-8d919c5b-1250,CUST-5A3E16A809,identity,US-CA
REC-8d919c5b-1251,CUST-5D41FE66D2,support,NG
REC-8d919c5b-1252,CUST-866F7A36D6,billing,EU
REC-8d919c5b-1253,CUST-9CFBD2865C,identity,US-CA
REC-8d919c5b-1254,CUST-8A79040AA5,support,NG
REC-8d919c5b-1255,CUST-A3FD6C9FD8,billing,EU
REC-8d919c5b-1256,CUST-72871485DF,identity,US-CA
REC-8d919c5b-1257,CUST-0E8C719E8F,support,NG
REC-8d919c5b-1258,CUST-6AF7253DF8,billing,EU
REC-8d919c5b-1259,CUST-8E9938CC04,identity,US-CA
REC-8d919c5b-1260,CUST-89A5213232,support,NG
REC-8d919c5b-1261,CUST-D8F45E73BA,billing,EU
REC-8d919c5b-1262,CUST-347D62D5CD,identity,US-CA
REC-8d919c5b-1263,CUST-FDA7157DF5,support,NG
REC-8d919c5b-1264,CUST-B6A92A3630,billing,EU
REC-8d919c5b-1265,CUST-4B5BFDCF6A,identity,US-CA
REC-8d919c5b-1266,CUST-1BCFC5B081,support,NG
REC-8d919c5b-1267,CUST-1E82AA1458,billing,EU
REC-8d919c5b-1268,CUST-9125AB73DC,identity,US-CA
REC-8d919c5b-1269,CUST-4E20193704,support,NG
REC-8d919c5b-1270,CUST-DF088E91EB,billing,EU
REC-8d919c5b-1271,CUST-D79484B335,identity,US-CA
REC-8d919c5b-1272,CUST-9504936E73,support,NG
REC-8d919c5b-1273,CUST-4D4A7A03F9,billing,EU
REC-8d919c5b-1274,CUST-606E3A1488,identity,US-CA
REC-8d919c5b-1275,CUST-F0537B7033,support,NG
REC-8d919c5b-1276,CUST-436C7A2F40,billing,EU
REC-8d919c5b-1277,CUST-EE46B089F7,identity,US-CA
REC-8d919c5b-1278,CUST-70B6797066,support,NG
REC-8d919c5b-1279,CUST-BA00560D58,billing,EU
REC-8d919c5b-1280,CUST-076232B523,identity,US-CA
REC-8d919c5b-1281,CUST-CF3DDED4E8,support,NG
REC-8d919c5b-1282,CUST-03D41D7E2D,billing,EU
REC-8d919c5b-1283,CUST-3C97B5409E,identity,US-CA
REC-8d919c5b-1284,CUST-2F5491E9E1,support,NG
REC-8d919c5b-1285,CUST-11BCEF4EE3,billing,EU
REC-8d919c5b-1286,CUST-EAA190A24E,identity,US-CA
REC-8d919c5b-1287,CUST-28DE8A9925,support,NG
REC-8d919c5b-1288,CUST-204A67A110,billing,EU
REC-8d919c5b-1289,CUST-C194170087,identity,US-CA
REC-8d919c5b-1290,CUST-45C8639E07,support,NG
REC-8d919c5b-1291,CUST-8236B2DE6C,billing,EU
REC-8d919c5b-1292,CUST-0C94D59D1B,identity,US-CA
REC-8d919c5b-1293,CUST-17C02CFA5B,support,NG
REC-8d919c5b-1294,CUST-DCA329A803,billing,EU
REC-8d919c5b-1295,CUST-3D65D971B5,identity,US-CA
REC-8d919c5b-1296,CUST-A311451770,support,NG
REC-8d919c5b-1297,CUST-EA0E8826B2,billing,EU
REC-8d919c5b-1298,CUST-4D1084A232,identity,US-CA
REC-8d919c5b-1299,CUST-17B3450B19,support,NG
REC-8d919c5b-1300,CUST-C2BF8E3A43,billing,EU
REC-8d919c5b-1301,CUST-09EDD1F7B4,identity,US-CA
REC-8d919c5b-1302,CUST-600A2B5775,support,NG
REC-8d919c5b-1303,CUST-363FB49CCE,billing,EU
REC-8d919c5b-1304,CUST-A5656B6A68,identity,US-CA
REC-8d919c5b-1305,CUST-0F409AD214,support,NG
REC-8d919c5b-1306,CUST-3DF8256F8B,billing,EU
REC-8d919c5b-1307,CUST-F80270B2DB,identity,US-CA
REC-8d919c5b-1308,CUST-D256222636,support,NG
REC-8d919c5b-1309,CUST-D857E41C70,billing,EU
REC-8d919c5b-1310,CUST-AE950BC7D2,identity,US-CA
REC-8d919c5b-1311,CUST-6D4568B160,support,NG
REC-8d919c5b-1312,CUST-BD06138FF1,billing,EU
REC-8d919c5b-1313,CUST-E38552B933,identity,US-CA
REC-8d919c5b-1314,CUST-3FFBCC53F4,support,NG
REC-8d919c5b-1315,CUST-19194E4D52,billing,EU
REC-8d919c5b-1316,CUST-3F19710922,identity,US-CA
REC-8d919c5b-1317,CUST-ED7677561F,support,NG
REC-8d919c5b-1318,CUST-7B4E894BE9,billing,EU
REC-8d919c5b-1319,CUST-7C0B33B3BE,identity,US-CA
REC-8d919c5b-1320,CUST-E5D995A673,support,NG
REC-8d919c5b-1321,CUST-9D537909DA,billing,EU
REC-8d919c5b-1322,CUST-12F507AA77,identity,US-CA
REC-8d919c5b-1323,CUST-9F445E5839,support,NG
REC-8d919c5b-1324,CUST-C77C7B2BAF,billing,EU
REC-8d919c5b-1325,CUST-B164E90BAF,identity,US-CA
REC-8d919c5b-1326,CUST-B9DB892E7E,support,NG
REC-8d919c5b-1327,CUST-06E3BD112E,billing,EU
REC-8d919c5b-1328,CUST-670296CEF0,identity,US-CA
REC-8d919c5b-1329,CUST-54F953F042,support,NG
REC-8d919c5b-1330,CUST-8E30443987,billing,EU
REC-8d919c5b-1331,CUST-D4FF73A50F,identity,US-CA
REC-8d919c5b-1332,CUST-51D316F4A7,support,NG
REC-8d919c5b-1333,CUST-8CF895B907,billing,EU
REC-8d919c5b-1334,CUST-E1ECCA5296,identity,US-CA
REC-8d919c5b-1335,CUST-2F06FDFB9A,support,NG
REC-8d919c5b-1336,CUST-A3A56C4194,billing,EU
REC-8d919c5b-1337,CUST-51C6880728,identity,US-CA
REC-8d919c5b-1338,CUST-ECE5AF97B8,support,NG
REC-8d919c5b-1339,CUST-8F97EEF8D3,billing,EU
REC-8d919c5b-1340,CUST-68F68A3381,identity,US-CA
REC-8d919c5b-1341,CUST-79380D6B73,support,NG
REC-8d919c5b-1342,CUST-A1834877F6,billing,EU
REC-8d919c5b-1343,CUST-6589456B5F,identity,US-CA
REC-8d919c5b-1344,CUST-B4B43DDE31,support,NG
REC-8d919c5b-1345,CUST-2D210407E9,billing,EU
REC-8d919c5b-1346,CUST-322D2B0908,identity,US-CA
REC-8d919c5b-1347,CUST-8A13D15F23,support,NG
REC-8d919c5b-1348,CUST-840AC0B843,billing,EU
REC-8d919c5b-1349,CUST-DD179CA4E1,identity,US-CA
REC-8d919c5b-1350,CUST-3ED35C1BDC,support,NG
REC-8d919c5b-1351,CUST-F0D159BDB9,billing,EU
REC-8d919c5b-1352,CUST-CD493F9464,identity,US-CA
REC-8d919c5b-1353,CUST-7425A9703E,support,NG
REC-8d919c5b-1354,CUST-3D67783585,billing,EU
REC-8d919c5b-1355,CUST-2E94FCFEFA,identity,US-CA
REC-8d919c5b-1356,CUST-36252E9C12,support,NG
REC-8d919c5b-1357,CUST-46FF4D9F03,billing,EU
REC-8d919c5b-1358,CUST-D16DC0A1B2,identity,US-CA
REC-8d919c5b-1359,CUST-4B1D79A43F,support,NG
REC-8d919c5b-1360,CUST-54072A29E2,billing,EU
REC-8d919c5b-1361,CUST-7247771009,identity,US-CA
REC-8d919c5b-1362,CUST-3667D8CCB7,support,NG
REC-8d919c5b-1363,CUST-A5AA03B0BB,billing,EU
REC-8d919c5b-1364,CUST-B7D80620EB,identity,US-CA
REC-8d919c5b-1365,CUST-0B4EC2290C,support,NG
REC-8d919c5b-1366,CUST-90869C5CD9,billing,EU
REC-8d919c5b-1367,CUST-62EE2810D1,identity,US-CA
REC-8d919c5b-1368,CUST-F1D4BC7B17,support,NG
REC-8d919c5b-1369,CUST-D4E2FF84D8,billing,EU
REC-8d919c5b-1370,CUST-B8F712C99B,identity,US-CA
REC-8d919c5b-1371,CUST-A0D2CD6CD5,support,NG
REC-8d919c5b-1372,CUST-F3EC07E131,billing,EU
REC-8d919c5b-1373,CUST-2FF9D2914B,identity,US-CA
REC-8d919c5b-1374,CUST-265B6D22E3,support,NG
REC-8d919c5b-1375,CUST-CD03A73348,billing,EU
REC-8d919c5b-1376,CUST-58D0667C1D,identity,US-CA
REC-8d919c5b-1377,CUST-D3AA00F803,support,NG
REC-8d919c5b-1378,CUST-4364740850,billing,EU
REC-8d919c5b-1379,CUST-C1820426CD,identity,US-CA
REC-8d919c5b-1380,CUST-CFE748F30C,support,NG
REC-8d919c5b-1381,CUST-AC3A428102,billing,EU
REC-8d919c5b-1382,CUST-0D4E402759,identity,US-CA
REC-8d919c5b-1383,CUST-D2A30569BD,support,NG
REC-8d919c5b-1384,CUST-0998976C68,billing,EU
REC-8d919c5b-1385,CUST-D1002A0F66,identity,US-CA
REC-8d919c5b-1386,CUST-C1CBA58B55,support,NG
REC-8d919c5b-1387,CUST-48F011DE03,billing,EU
REC-8d919c5b-1388,CUST-7148C68019,identity,US-CA
REC-8d919c5b-1389,CUST-40249BF1FC,support,NG
REC-8d919c5b-1390,CUST-D18C984BB3,billing,EU
REC-8d919c5b-1391,CUST-B89560DEDE,identity,US-CA
REC-8d919c5b-1392,CUST-81B799B817,support,NG
REC-8d919c5b-1393,CUST-8F7E025711,billing,EU
REC-8d919c5b-1394,CUST-5D63253A32,identity,US-CA
REC-8d919c5b-1395,CUST-F4358B75E1,support,NG
REC-8d919c5b-1396,CUST-414406E905,billing,EU
REC-8d919c5b-1397,CUST-36F1322278,identity,US-CA
REC-8d919c5b-1398,CUST-91C21CBF8A,support,NG
REC-8d919c5b-1399,CUST-405FAD8C94,billing,EU
REC-8d919c5b-1400,CUST-7127087596,identity,US-CA
REC-8d919c5b-1401,CUST-135E535919,support,NG
REC-8d919c5b-1402,CUST-27B07C016E,billing,EU
REC-8d919c5b-1403,CUST-F51925D833,identity,US-CA
REC-8d919c5b-1404,CUST-59BFA3057B,support,NG
REC-8d919c5b-1405,CUST-6F5D26CA97,billing,EU
REC-8d919c5b-1406,CUST-04CB622FA6,identity,US-CA
REC-8d919c5b-1407,CUST-B8AD9C1417,support,NG
REC-8d919c5b-1408,CUST-2B08C44EEF,billing,EU
REC-8d919c5b-1409,CUST-CDE9535C92,identity,US-CA
REC-8d919c5b-1410,CUST-9715D676D5,support,NG
REC-8d919c5b-1411,CUST-237F1ABFDA,billing,EU
REC-8d919c5b-1412,CUST-4569E6BDCD,identity,US-CA
REC-8d919c5b-1413,CUST-C35B846260,support,NG
REC-8d919c5b-1414,CUST-4CACC93314,billing,EU
REC-8d919c5b-1415,CUST-1EE91B1856,identity,US-CA
REC-8d919c5b-1416,CUST-F49144D5F1,support,NG
REC-8d919c5b-1417,CUST-FAAA3B6999,billing,EU
REC-8d919c5b-1418,CUST-F101E9E8BA,identity,US-CA
REC-8d919c5b-1419,CUST-2CD4369573,support,NG
REC-8d919c5b-1420,CUST-09CB704CCD,billing,EU
REC-8d919c5b-1421,CUST-B19CF5884F,identity,US-CA
REC-8d919c5b-1422,CUST-5ABB47CB60,support,NG
REC-8d919c5b-1423,CUST-8F7671A86C,billing,EU
REC-8d919c5b-1424,CUST-D29177C97D,identity,US-CA
REC-8d919c5b-1425,CUST-94E0689D77,support,NG
REC-8d919c5b-1426,CUST-F6AE3F27F9,billing,EU
REC-8d919c5b-1427,CUST-60709F7703,identity,US-CA
REC-8d919c5b-1428,CUST-BEB047C5F1,support,NG
REC-8d919c5b-1429,CUST-B124A0BCFF,billing,EU
REC-8d919c5b-1430,CUST-88B983F626,identity,US-CA
REC-8d919c5b-1431,CUST-321858BA10,support,NG
REC-8d919c5b-1432,CUST-ECB7A5DE92,billing,EU
REC-8d919c5b-1433,CUST-D7A2FE360C,identity,US-CA
REC-8d919c5b-1434,CUST-9FB0C3C698,support,NG
REC-8d919c5b-1435,CUST-DF8826CA42,billing,EU
REC-8d919c5b-1436,CUST-67F4A8A691,identity,US-CA
REC-8d919c5b-1437,CUST-B0D2B2B354,support,NG
REC-8d919c5b-1438,CUST-93459B052F,billing,EU
REC-8d919c5b-1439,CUST-A433A1841C,identity,US-CA
REC-8d919c5b-1440,CUST-3371CEB608,support,NG
REC-8d919c5b-1441,CUST-B222A6A8C4,billing,EU
REC-8d919c5b-1442,CUST-C4EC339BC7,identity,US-CA
REC-8d919c5b-1443,CUST-B0AA986855,support,NG
REC-8d919c5b-1444,CUST-E530B6652A,billing,EU
REC-8d919c5b-1445,CUST-327FA0110C,identity,US-CA
REC-8d919c5b-1446,CUST-CDE8036E6D,support,NG
REC-8d919c5b-1447,CUST-EABA329139,billing,EU
REC-8d919c5b-1448,CUST-2CD93B72F4,identity,US-CA
REC-8d919c5b-1449,CUST-327D0DB7C4,support,NG
REC-8d919c5b-1450,CUST-AECE07366D,billing,EU
REC-8d919c5b-1451,CUST-85B6A60E0D,identity,US-CA
REC-8d919c5b-1452,CUST-59AA3089A1,support,NG
REC-8d919c5b-1453,CUST-8296CD4B48,billing,EU
REC-8d919c5b-1454,CUST-AE85E80ADE,identity,US-CA
REC-8d919c5b-1455,CUST-B5E846C05C,support,NG
REC-8d919c5b-1456,CUST-1A76DE40F5,billing,EU
REC-8d919c5b-1457,CUST-ABDE86BC57,identity,US-CA
REC-8d919c5b-1458,CUST-549DD65F4C,support,NG
REC-8d919c5b-1459,CUST-40BB83239F,billing,EU
REC-8d919c5b-1460,CUST-A48F8FC659,identity,US-CA
REC-8d919c5b-1461,CUST-4BB37D323B,support,NG
REC-8d919c5b-1462,CUST-8922FAC7B2,billing,EU
REC-8d919c5b-1463,CUST-3C8F74A437,identity,US-CA
REC-8d919c5b-1464,CUST-A37C4934EE,support,NG
REC-8d919c5b-1465,CUST-96726A71F2,billing,EU
REC-8d919c5b-1466,CUST-B67581103D,identity,US-CA
REC-8d919c5b-1467,CUST-9DE2248ED3,support,NG
REC-8d919c5b-1468,CUST-8283BA190D,billing,EU
REC-8d919c5b-1469,CUST-052FF88ADE,identity,US-CA
REC-8d919c5b-1470,CUST-D3F9EA0139,support,NG
REC-8d919c5b-1471,CUST-FF1973E332,billing,EU
REC-8d919c5b-1472,CUST-25142278D4,identity,US-CA
REC-8d919c5b-1473,CUST-6B09F9C168,support,NG
REC-8d919c5b-1474,CUST-666ECB7DFC,billing,EU
REC-8d919c5b-1475,CUST-A82526FE62,identity,US-CA
REC-8d919c5b-1476,CUST-C2D3BDEE55,support,NG
REC-8d919c5b-1477,CUST-CF3FF667CD,billing,EU
REC-8d919c5b-1478,CUST-7B6695BE1C,identity,US-CA
REC-8d919c5b-1479,CUST-61CFC67410,support,NG
REC-8d919c5b-1480,CUST-833F71484C,billing,EU
REC-8d919c5b-1481,CUST-2FBE943A81,identity,US-CA
REC-8d919c5b-1482,CUST-CA8FC75CCB,support,NG
REC-8d919c5b-1483,CUST-9413CCF6FC,billing,EU
REC-8d919c5b-1484,CUST-F715D8D70B,identity,US-CA
REC-8d919c5b-1485,CUST-82EF66CF1F,support,NG
REC-8d919c5b-1486,CUST-C53034F8CF,billing,EU
REC-8d919c5b-1487,CUST-968533621F,identity,US-CA
REC-8d919c5b-1488,CUST-F2E2611DD1,support,NG
REC-8d919c5b-1489,CUST-A9C934A96F,billing,EU
REC-8d919c5b-1490,CUST-92D1B3E937,identity,US-CA
REC-8d919c5b-1491,CUST-1BE8A2C7E6,support,NG
REC-8d919c5b-1492,CUST-15CC3F5C8F,billing,EU
REC-8d919c5b-1493,CUST-EE39793013,identity,US-CA
REC-8d919c5b-1494,CUST-9A0B3BE872,support,NG
REC-8d919c5b-1495,CUST-96E6A7A240,billing,EU
REC-8d919c5b-1496,CUST-AFD9F4AA9A,identity,US-CA
REC-8d919c5b-1497,CUST-F4199200E6,support,NG
REC-8d919c5b-1498,CUST-88DC864D16,billing,EU
REC-8d919c5b-1499,CUST-B250268972,identity,US-CA
REC-8d919c5b-1500,CUST-5B9FC27E21,support,NG
REC-8d919c5b-1501,CUST-0F18AA4AD6,billing,EU
REC-8d919c5b-1502,CUST-FC150D4CA9,identity,US-CA
REC-8d919c5b-1503,CUST-03FC285F62,support,NG
REC-8d919c5b-1504,CUST-1CE7678B36,billing,EU
REC-8d919c5b-1505,CUST-B66D4C9E1C,identity,US-CA
REC-8d919c5b-1506,CUST-997204B614,support,NG
REC-8d919c5b-1507,CUST-B73E90AC4A,billing,EU
REC-8d919c5b-1508,CUST-05BD9C7B1E,identity,US-CA
REC-8d919c5b-1509,CUST-7CEF709F2E,support,NG
REC-8d919c5b-1510,CUST-EB8BD1BBD6,billing,EU
REC-8d919c5b-1511,CUST-007DC71247,identity,US-CA
REC-8d919c5b-1512,CUST-15F9CB68B9,support,NG
REC-8d919c5b-1513,CUST-A8143B07E9,billing,EU
REC-8d919c5b-1514,CUST-B5EA88E1C0,identity,US-CA
REC-8d919c5b-1515,CUST-7333F910EF,support,NG
REC-8d919c5b-1516,CUST-BBDDF9B8D7,billing,EU
REC-8d919c5b-1517,CUST-7A1C768FF7,identity,US-CA
REC-8d919c5b-1518,CUST-784B3767CD,support,NG
REC-8d919c5b-1519,CUST-C14D3719F5,billing,EU
REC-8d919c5b-1520,CUST-403D594A9C,identity,US-CA
REC-8d919c5b-1521,CUST-279BC4B210,support,NG
REC-8d919c5b-1522,CUST-5C55D5D14A,billing,EU
REC-8d919c5b-1523,CUST-7E660C93C2,identity,US-CA
REC-8d919c5b-1524,CUST-7E6A71DF2A,support,NG
REC-8d919c5b-1525,CUST-5A0106E829,billing,EU
REC-8d919c5b-1526,CUST-9250266A38,identity,US-CA
REC-8d919c5b-1527,CUST-C04612F627,support,NG
REC-8d919c5b-1528,CUST-F54DE93681,billing,EU
REC-8d919c5b-1529,CUST-0A70F707BC,identity,US-CA
REC-8d919c5b-1530,CUST-FAEF9852C9,support,NG
REC-8d919c5b-1531,CUST-6B36F2A4EC,billing,EU
REC-8d919c5b-1532,CUST-F170A42BCD,identity,US-CA
REC-8d919c5b-1533,CUST-0B41032D7A,support,NG
REC-8d919c5b-1534,CUST-CA3220AD4E,billing,EU
REC-8d919c5b-1535,CUST-FE8E6FCAF4,identity,US-CA
REC-8d919c5b-1536,CUST-BBD9B47883,support,NG
REC-8d919c5b-1537,CUST-716220B2E6,billing,EU
REC-8d919c5b-1538,CUST-8E09988A45,identity,US-CA
REC-8d919c5b-1539,CUST-DD6D225BE8,support,NG
REC-8d919c5b-1540,CUST-FF27C838B9,billing,EU
REC-8d919c5b-1541,CUST-287D847830,identity,US-CA
REC-8d919c5b-1542,CUST-9CEB6A2FC0,support,NG
REC-8d919c5b-1543,CUST-C0C66F968F,billing,EU
REC-8d919c5b-1544,CUST-A29EB3A9AA,identity,US-CA
REC-8d919c5b-1545,CUST-0F6414FC80,support,NG
REC-8d919c5b-1546,CUST-B90EAE8709,billing,EU
REC-8d919c5b-1547,CUST-6B5D12F641,identity,US-CA
REC-8d919c5b-1548,CUST-5314E9A567,support,NG
REC-8d919c5b-1549,CUST-AD3208BAF6,billing,EU
REC-8d919c5b-1550,CUST-00D04BA34D,identity,US-CA
REC-8d919c5b-1551,CUST-A2EB2AB4CB,support,NG
REC-8d919c5b-1552,CUST-E6B3F24CD3,billing,EU
REC-8d919c5b-1553,CUST-EA5CA3E982,identity,US-CA
REC-8d919c5b-1554,CUST-AE34080CBD,support,NG
REC-8d919c5b-1555,CUST-3B0AF6F1FA,billing,EU
REC-8d919c5b-1556,CUST-1B8E991430,identity,US-CA
REC-8d919c5b-1557,CUST-C75FF86A87,support,NG
REC-8d919c5b-1558,CUST-7219C971A1,billing,EU
REC-8d919c5b-1559,CUST-0CD9F33A3F,identity,US-CA
REC-8d919c5b-1560,CUST-6B9BD97F09,support,NG
REC-8d919c5b-1561,CUST-F06E1C9BC7,billing,EU
REC-8d919c5b-1562,CUST-94556953DE,identity,US-CA
REC-8d919c5b-1563,CUST-0209AB96C4,support,NG
REC-8d919c5b-1564,CUST-F510A898A4,billing,EU
REC-8d919c5b-1565,CUST-4C91F2DA44,identity,US-CA
REC-8d919c5b-1566,CUST-5981624409,support,NG
REC-8d919c5b-1567,CUST-32398DFC97,billing,EU
REC-8d919c5b-1568,CUST-55D18F11C9,identity,US-CA
REC-8d919c5b-1569,CUST-433467CCBD,support,NG
REC-8d919c5b-1570,CUST-112CE160F5,billing,EU
REC-8d919c5b-1571,CUST-CE9D4B4970,identity,US-CA
REC-8d919c5b-1572,CUST-2889291873,support,NG
REC-8d919c5b-1573,CUST-860F177945,billing,EU
REC-8d919c5b-1574,CUST-C2469F39A5,identity,US-CA
REC-8d919c5b-1575,CUST-0DECEEB2E2,support,NG
REC-8d919c5b-1576,CUST-F19B1FAC55,billing,EU
REC-8d919c5b-1577,CUST-D4C701F1F6,identity,US-CA
REC-8d919c5b-1578,CUST-6A7D86DDDE,support,NG
REC-8d919c5b-1579,CUST-1401D53944,billing,EU
REC-8d919c5b-1580,CUST-61DE9EB8CD,identity,US-CA
REC-8d919c5b-1581,CUST-1679D86BD2,support,NG
REC-8d919c5b-1582,CUST-CBCD5E1D6B,billing,EU
REC-8d919c5b-1583,CUST-B3C03E1CC7,identity,US-CA
REC-8d919c5b-1584,CUST-AFF6CDFAEA,support,NG
REC-8d919c5b-1585,CUST-13F9A68454,billing,EU
REC-8d919c5b-1586,CUST-7E20E20F01,identity,US-CA
REC-8d919c5b-1587,CUST-760B7D2177,support,NG
REC-8d919c5b-1588,CUST-F9DF1ECF59,billing,EU
REC-8d919c5b-1589,CUST-50B67033D8,identity,US-CA
REC-8d919c5b-1590,CUST-A6685517F1,support,NG
REC-8d919c5b-1591,CUST-3F63BEFF76,billing,EU
REC-8d919c5b-1592,CUST-A2FA35D819,identity,US-CA
REC-8d919c5b-1593,CUST-35119CF656,support,NG
REC-8d919c5b-1594,CUST-40BEB9FE10,billing,EU
REC-8d919c5b-1595,CUST-BAF106661B,identity,US-CA
REC-8d919c5b-1596,CUST-D3D628BF92,support,NG
REC-8d919c5b-1597,CUST-C990EF5A85,billing,EU
REC-8d919c5b-1598,CUST-005B567794,identity,US-CA
REC-8d919c5b-1599,CUST-3142F1D16F,support,NG
REC-8d919c5b-1600,CUST-8DCA576885,billing,EU
REC-8d919c5b-1601,CUST-879D377A51,identity,US-CA
REC-8d919c5b-1602,CUST-1765CB8F0B,support,NG
REC-8d919c5b-1603,CUST-C6EA6BD28E,billing,EU
REC-8d919c5b-1604,CUST-2F9BACA021,identity,US-CA
REC-8d919c5b-1605,CUST-F57ADF7CE6,support,NG
REC-8d919c5b-1606,CUST-5DEBB0B4DA,billing,EU
REC-8d919c5b-1607,CUST-EE9725DBB8,identity,US-CA
REC-8d919c5b-1608,CUST-34E2FF79CC,support,NG
REC-8d919c5b-1609,CUST-14A76664DC,billing,EU
REC-8d919c5b-1610,CUST-43626FCD53,identity,US-CA
REC-8d919c5b-1611,CUST-A7309C51D5,support,NG
REC-8d919c5b-1612,CUST-BD35E81267,billing,EU
REC-8d919c5b-1613,CUST-0C1AF6FFDB,identity,US-CA
REC-8d919c5b-1614,CUST-B657560D36,support,NG
REC-8d919c5b-1615,CUST-C69ECD54D5,billing,EU
REC-8d919c5b-1616,CUST-EAE6BB761A,identity,US-CA
REC-8d919c5b-1617,CUST-B8443303FB,support,NG
REC-8d919c5b-1618,CUST-50C3E457DE,billing,EU
REC-8d919c5b-1619,CUST-44F575846F,identity,US-CA
REC-8d919c5b-1620,CUST-D7186A46BF,support,NG
REC-8d919c5b-1621,CUST-E7717C8B14,billing,EU
REC-8d919c5b-1622,CUST-7E1C64C9CB,identity,US-CA
REC-8d919c5b-1623,CUST-166B50C75D,support,NG
REC-8d919c5b-1624,CUST-E8DC0DE861,billing,EU
REC-8d919c5b-1625,CUST-5B4585280E,identity,US-CA
REC-8d919c5b-1626,CUST-7976B5A26B,support,NG
REC-8d919c5b-1627,CUST-684868ABA6,billing,EU
REC-8d919c5b-1628,CUST-F71DF54182,identity,US-CA
REC-8d919c5b-1629,CUST-DE64D38101,support,NG
REC-8d919c5b-1630,CUST-07584634C1,billing,EU
REC-8d919c5b-1631,CUST-6F8B68A8DC,identity,US-CA
REC-8d919c5b-1632,CUST-2F6994AE75,support,NG
REC-8d919c5b-1633,CUST-7B5D60B3D1,billing,EU
REC-8d919c5b-1634,CUST-8423F77700,identity,US-CA
REC-8d919c5b-1635,CUST-CD0413125D,support,NG
REC-8d919c5b-1636,CUST-9D8F8459A1,billing,EU
REC-8d919c5b-1637,CUST-E40A659603,identity,US-CA
REC-8d919c5b-1638,CUST-6527AACA03,support,NG
REC-8d919c5b-1639,CUST-CD94653A9C,billing,EU
REC-8d919c5b-1640,CUST-408F9EA8B4,identity,US-CA
REC-8d919c5b-1641,CUST-71CAF1E7A9,support,NG
REC-8d919c5b-1642,CUST-AF5C33F100,billing,EU
REC-8d919c5b-1643,CUST-9303992986,identity,US-CA
REC-8d919c5b-1644,CUST-E8E078A739,support,NG
REC-8d919c5b-1645,CUST-1AE3CECAF2,billing,EU
REC-8d919c5b-1646,CUST-AA6A9613A5,identity,US-CA
REC-8d919c5b-1647,CUST-48DBAFA91A,support,NG
REC-8d919c5b-1648,CUST-F93E39B259,billing,EU
REC-8d919c5b-1649,CUST-2EF1200264,identity,US-CA
REC-8d919c5b-1650,CUST-24CA2E2F50,support,NG
REC-8d919c5b-1651,CUST-38D6CFFC6B,billing,EU
REC-8d919c5b-1652,CUST-2A94B2D611,identity,US-CA
REC-8d919c5b-1653,CUST-3F7B8A3E6C,support,NG
REC-8d919c5b-1654,CUST-EE00763A02,billing,EU
REC-8d919c5b-1655,CUST-9E5EB53770,identity,US-CA
REC-8d919c5b-1656,CUST-3736D361DC,support,NG
REC-8d919c5b-1657,CUST-0F48294939,billing,EU
REC-8d919c5b-1658,CUST-E44B3E2E3B,identity,US-CA
REC-8d919c5b-1659,CUST-57C1A1EB91,support,NG
REC-8d919c5b-1660,CUST-DA32E4010C,billing,EU
REC-8d919c5b-1661,CUST-05E8F32DAA,identity,US-CA
REC-8d919c5b-1662,CUST-4C842C2256,support,NG
REC-8d919c5b-1663,CUST-E22FF5B184,billing,EU
REC-8d919c5b-1664,CUST-031C8E5CAA,identity,US-CA
REC-8d919c5b-1665,CUST-AAB1E3B80F,support,NG
REC-8d919c5b-1666,CUST-C0017571E2,billing,EU
REC-8d919c5b-1667,CUST-41984FEF0C,identity,US-CA
REC-8d919c5b-1668,CUST-77DB395977,support,NG
REC-8d919c5b-1669,CUST-62D90E14C6,billing,EU
REC-8d919c5b-1670,CUST-0D82841C97,identity,US-CA
REC-8d919c5b-1671,CUST-6E6D3FA455,support,NG
REC-8d919c5b-1672,CUST-7862651972,billing,EU
REC-8d919c5b-1673,CUST-BD3384D563,identity,US-CA
REC-8d919c5b-1674,CUST-5A2FA260CB,support,NG
REC-8d919c5b-1675,CUST-A344AB8D8A,billing,EU
REC-8d919c5b-1676,CUST-44CE53A455,identity,US-CA
REC-8d919c5b-1677,CUST-E586180BD0,support,NG
REC-8d919c5b-1678,CUST-088B9968E6,billing,EU
REC-8d919c5b-1679,CUST-51133C95F5,identity,US-CA
REC-8d919c5b-1680,CUST-47DF68FFAC,support,NG
REC-8d919c5b-1681,CUST-E6F555AA38,billing,EU
REC-8d919c5b-1682,CUST-3187C53379,identity,US-CA
REC-8d919c5b-1683,CUST-095813684C,support,NG
REC-8d919c5b-1684,CUST-90957C3862,billing,EU
REC-8d919c5b-1685,CUST-2D39211119,identity,US-CA
REC-8d919c5b-1686,CUST-AE6BDE6D76,support,NG
REC-8d919c5b-1687,CUST-DC81CA935F,billing,EU
REC-8d919c5b-1688,CUST-BF2D2F838C,identity,US-CA
REC-8d919c5b-1689,CUST-1F2D9DB304,support,NG
REC-8d919c5b-1690,CUST-7D8281B945,billing,EU
REC-8d919c5b-1691,CUST-20E741F679,identity,US-CA
REC-8d919c5b-1692,CUST-4E37AA1DFA,support,NG
REC-8d919c5b-1693,CUST-AC90E9AA5D,billing,EU
REC-8d919c5b-1694,CUST-101D74D59D,identity,US-CA
REC-8d919c5b-1695,CUST-7A420FDF35,support,NG
REC-8d919c5b-1696,CUST-F02C45E6DF,billing,EU
REC-8d919c5b-1697,CUST-30850C0891,identity,US-CA
REC-8d919c5b-1698,CUST-6673041C3B,support,NG
REC-8d919c5b-1699,CUST-962BE6300E,billing,EU
REC-8d919c5b-1700,CUST-A54F639FFB,identity,US-CA
REC-8d919c5b-1701,CUST-6D6080A391,support,NG
REC-8d919c5b-1702,CUST-DD18400167,billing,EU
REC-8d919c5b-1703,CUST-51C3AEC5B8,identity,US-CA
REC-8d919c5b-1704,CUST-613ED0F919,support,NG
REC-8d919c5b-1705,CUST-AE06FAAC99,billing,EU
REC-8d919c5b-1706,CUST-78610EB7AC,identity,US-CA
REC-8d919c5b-1707,CUST-616A9ED93B,support,NG
REC-8d919c5b-1708,CUST-FE56D2362E,billing,EU
REC-8d919c5b-1709,CUST-75DC5067E9,identity,US-CA
REC-8d919c5b-1710,CUST-CD39C45B57,support,NG
REC-8d919c5b-1711,CUST-213C8F4185,billing,EU
REC-8d919c5b-1712,CUST-0757126358,identity,US-CA
REC-8d919c5b-1713,CUST-CAE6CBE77A,support,NG
REC-8d919c5b-1714,CUST-1D52537B5D,billing,EU
REC-8d919c5b-1715,CUST-0B41D61A0E,identity,US-CA
REC-8d919c5b-1716,CUST-5C1D45DBFE,support,NG
REC-8d919c5b-1717,CUST-65E549A07B,billing,EU
REC-8d919c5b-1718,CUST-B0C390CA1C,identity,US-CA
REC-8d919c5b-1719,CUST-C088C95ED0,support,NG
REC-8d919c5b-1720,CUST-8322A0F6F4,billing,EU
REC-8d919c5b-1721,CUST-5296478732,identity,US-CA
REC-8d919c5b-1722,CUST-226140BD1C,support,NG
REC-8d919c5b-1723,CUST-862AE0743F,billing,EU
REC-8d919c5b-1724,CUST-C22AF8911A,identity,US-CA
REC-8d919c5b-1725,CUST-37B52ED3C9,support,NG
REC-8d919c5b-1726,CUST-41CF75B38D,billing,EU
REC-8d919c5b-1727,CUST-D115557657,identity,US-CA
REC-8d919c5b-1728,CUST-DEE8ADFC71,support,NG
REC-8d919c5b-1729,CUST-6BDB19E552,billing,EU
REC-8d919c5b-1730,CUST-3EF8C6BF25,identity,US-CA
REC-8d919c5b-1731,CUST-E777A44D24,support,NG
REC-8d919c5b-1732,CUST-63BC917FAD,billing,EU
REC-8d919c5b-1733,CUST-16D51F7060,identity,US-CA
REC-8d919c5b-1734,CUST-0B55322819,support,NG
REC-8d919c5b-1735,CUST-A1676AF99C,billing,EU
REC-8d919c5b-1736,CUST-4C32D8E834,identity,US-CA
REC-8d919c5b-1737,CUST-F2357510A4,support,NG
REC-8d919c5b-1738,CUST-F364BDA903,billing,EU
REC-8d919c5b-1739,CUST-F93AE59FBB,identity,US-CA
REC-8d919c5b-1740,CUST-4817F2AEA6,support,NG
REC-8d919c5b-1741,CUST-E10E47EBE5,billing,EU
REC-8d919c5b-1742,CUST-D22BDF4FB6,identity,US-CA
REC-8d919c5b-1743,CUST-ABEDA127F8,support,NG
REC-8d919c5b-1744,CUST-EF164975A7,billing,EU
REC-8d919c5b-1745,CUST-56F8C8B985,identity,US-CA
REC-8d919c5b-1746,CUST-DF476A80A7,support,NG
REC-8d919c5b-1747,CUST-E0C3134594,billing,EU
REC-8d919c5b-1748,CUST-AABC979F2C,identity,US-CA
REC-8d919c5b-1749,CUST-F8FE9800FE,support,NG
REC-8d919c5b-1750,CUST-9D79D8B91D,billing,EU
REC-8d919c5b-1751,CUST-5D8AECFFC5,identity,US-CA
REC-8d919c5b-1752,CUST-E8C8453FAA,support,NG
REC-8d919c5b-1753,CUST-4EBFD7B58A,billing,EU
REC-8d919c5b-1754,CUST-3761A05895,identity,US-CA
REC-8d919c5b-1755,CUST-D7E669CF79,support,NG
REC-8d919c5b-1756,CUST-38822A6021,billing,EU
REC-8d919c5b-1757,CUST-19AB589ECF,identity,US-CA
REC-8d919c5b-1758,CUST-874403E047,support,NG
REC-8d919c5b-1759,CUST-3B5FF152B7,billing,EU
REC-8d919c5b-1760,CUST-C10AC6039C,identity,US-CA
REC-8d919c5b-1761,CUST-F249D0BA9E,support,NG
REC-8d919c5b-1762,CUST-19ADE531A8,billing,EU
REC-8d919c5b-1763,CUST-E996A70237,identity,US-CA
REC-8d919c5b-1764,CUST-74BCD9022C,support,NG
REC-8d919c5b-1765,CUST-526AFEDDF2,billing,EU
REC-8d919c5b-1766,CUST-4A2BA424DE,identity,US-CA
REC-8d919c5b-1767,CUST-82547A68AA,support,NG
REC-8d919c5b-1768,CUST-0871F1B366,billing,EU
REC-8d919c5b-1769,CUST-7F5BD0944B,identity,US-CA
REC-8d919c5b-1770,CUST-0C8F50B1F8,support,NG
REC-8d919c5b-1771,CUST-56C41C8924,billing,EU
REC-8d919c5b-1772,CUST-C8A493C71D,identity,US-CA
REC-8d919c5b-1773,CUST-5D991B379B,support,NG
REC-8d919c5b-1774,CUST-CC5D371AB6,billing,EU
REC-8d919c5b-1775,CUST-2231CBA037,identity,US-CA
REC-8d919c5b-1776,CUST-72BB586AD5,support,NG
REC-8d919c5b-1777,CUST-CEBA86A12D,billing,EU
REC-8d919c5b-1778,CUST-D154FD6D9F,identity,US-CA
REC-8d919c5b-1779,CUST-D634968F3E,support,NG
REC-8d919c5b-1780,CUST-1965A0C87C,billing,EU
REC-8d919c5b-1781,CUST-469FE5A70D,identity,US-CA
REC-8d919c5b-1782,CUST-752E557E05,support,NG
REC-8d919c5b-1783,CUST-6F7D897622,billing,EU
REC-8d919c5b-1784,CUST-F421B7A1FE,identity,US-CA
REC-8d919c5b-1785,CUST-EA5C3A97EF,support,NG
REC-8d919c5b-1786,CUST-F59CB39C33,billing,EU
REC-8d919c5b-1787,CUST-465CA26F7D,identity,US-CA
REC-8d919c5b-1788,CUST-35477CC60B,support,NG
REC-8d919c5b-1789,CUST-DD25256F53,billing,EU
REC-8d919c5b-1790,CUST-1F22EC01C5,identity,US-CA
REC-8d919c5b-1791,CUST-F9FADF9233,support,NG
REC-8d919c5b-1792,CUST-2D564D8509,billing,EU
REC-8d919c5b-1793,CUST-3419B5A9C1,identity,US-CA
REC-8d919c5b-1794,CUST-757AFEFCA2,support,NG
REC-8d919c5b-1795,CUST-FD640B1EEA,billing,EU
REC-8d919c5b-1796,CUST-843B8CD060,identity,US-CA
REC-8d919c5b-1797,CUST-A6E8418C87,support,NG
REC-8d919c5b-1798,CUST-009119B14F,billing,EU
REC-8d919c5b-1799,CUST-35D0E31CFD,identity,US-CA
REC-8d919c5b-1800,CUST-455B234982,support,NG
REC-8d919c5b-1801,CUST-9E1E3AC52F,billing,EU
REC-8d919c5b-1802,CUST-5DD8946B77,identity,US-CA
REC-8d919c5b-1803,CUST-293183A147,support,NG
REC-8d919c5b-1804,CUST-90BF21B14E,billing,EU
REC-8d919c5b-1805,CUST-C51EF7276A,identity,US-CA
REC-8d919c5b-1806,CUST-393382F3A5,support,NG
REC-8d919c5b-1807,CUST-34E4E3E62B,billing,EU
REC-8d919c5b-1808,CUST-867EC2392A,identity,US-CA
REC-8d919c5b-1809,CUST-ACDAE95A29,support,NG
REC-8d919c5b-1810,CUST-FECC27394B,billing,EU
REC-8d919c5b-1811,CUST-8BEAD38B41,identity,US-CA
REC-8d919c5b-1812,CUST-A6A00CB32F,support,NG
REC-8d919c5b-1813,CUST-4390980928,billing,EU
REC-8d919c5b-1814,CUST-38CC7ABC99,identity,US-CA
REC-8d919c5b-1815,CUST-E32E7031E6,support,NG
REC-8d919c5b-1816,CUST-A66F1205B4,billing,EU
REC-8d919c5b-1817,CUST-BF851445FB,identity,US-CA
REC-8d919c5b-1818,CUST-2263FC5865,support,NG
REC-8d919c5b-1819,CUST-961B17B972,billing,EU
REC-8d919c5b-1820,CUST-7E7E5D9D85,identity,US-CA
REC-8d919c5b-1821,CUST-ABE4A7833E,support,NG
REC-8d919c5b-1822,CUST-68DF2091BB,billing,EU
REC-8d919c5b-1823,CUST-C044EB3D2F,identity,US-CA
REC-8d919c5b-1824,CUST-57B8A049D4,support,NG
REC-8d919c5b-1825,CUST-A0D05A541C,billing,EU
REC-8d919c5b-1826,CUST-BA117BC36E,identity,US-CA
REC-8d919c5b-1827,CUST-AAF4216EEB,support,NG
REC-8d919c5b-1828,CUST-6A26D595CF,billing,EU
REC-8d919c5b-1829,CUST-6F6A02490D,identity,US-CA
REC-8d919c5b-1830,CUST-69B74D8C2F,support,NG
REC-8d919c5b-1831,CUST-DD6509D2D7,billing,EU
REC-8d919c5b-1832,CUST-C559862512,identity,US-CA
REC-8d919c5b-1833,CUST-A8D86D42FB,support,NG
REC-8d919c5b-1834,CUST-CC80703160,billing,EU
REC-8d919c5b-1835,CUST-AA290EE2F0,identity,US-CA
REC-8d919c5b-1836,CUST-8CE05478EF,support,NG
REC-8d919c5b-1837,CUST-1816D5A835,billing,EU
REC-8d919c5b-1838,CUST-23BB609C48,identity,US-CA
REC-8d919c5b-1839,CUST-4BB69DFD8E,support,NG
REC-8d919c5b-1840,CUST-7683AE2A58,billing,EU
REC-8d919c5b-1841,CUST-18657EB065,identity,US-CA
REC-8d919c5b-1842,CUST-CEB7FF75AB,support,NG
REC-8d919c5b-1843,CUST-DE5CD85B25,billing,EU
REC-8d919c5b-1844,CUST-8A9DD2A8BC,identity,US-CA
REC-8d919c5b-1845,CUST-36CE37DA74,support,NG
REC-8d919c5b-1846,CUST-DDE5B3FDF7,billing,EU
REC-8d919c5b-1847,CUST-D4EC807604,identity,US-CA
REC-8d919c5b-1848,CUST-540D00D420,support,NG
REC-8d919c5b-1849,CUST-E6F817E903,billing,EU
REC-8d919c5b-1850,CUST-1EF55F9C1D,identity,US-CA
REC-8d919c5b-1851,CUST-3F2DC56198,support,NG
REC-8d919c5b-1852,CUST-F0AE5611B6,billing,EU
REC-8d919c5b-1853,CUST-E8331E7107,identity,US-CA
REC-8d919c5b-1854,CUST-A8B3818598,support,NG
REC-8d919c5b-1855,CUST-AFA195D7C5,billing,EU
REC-8d919c5b-1856,CUST-8971DDA2BA,identity,US-CA
REC-8d919c5b-1857,CUST-CCE3D34EF3,support,NG
REC-8d919c5b-1858,CUST-F60409CE1B,billing,EU
REC-8d919c5b-1859,CUST-D32DD44C31,identity,US-CA
REC-8d919c5b-1860,CUST-D2484EACA1,support,NG
REC-8d919c5b-1861,CUST-CE2FE00438,billing,EU
REC-8d919c5b-1862,CUST-53B9DDDA63,identity,US-CA
REC-8d919c5b-1863,CUST-D901A7FE67,support,NG
REC-8d919c5b-1864,CUST-E4CD24A6FD,billing,EU
REC-8d919c5b-1865,CUST-34E4461B34,identity,US-CA
REC-8d919c5b-1866,CUST-E0D21B4F68,support,NG
REC-8d919c5b-1867,CUST-DF13529BE7,billing,EU
REC-8d919c5b-1868,CUST-4356CE7742,identity,US-CA
REC-8d919c5b-1869,CUST-25A19F07F1,support,NG
REC-8d919c5b-1870,CUST-9AA02C217C,billing,EU
REC-8d919c5b-1871,CUST-2096905747,identity,US-CA
REC-8d919c5b-1872,CUST-B2A1951646,support,NG
REC-8d919c5b-1873,CUST-2DF8C142B8,billing,EU
REC-8d919c5b-1874,CUST-BD71B5D9D6,identity,US-CA
REC-8d919c5b-1875,CUST-581D6DB003,support,NG
REC-8d919c5b-1876,CUST-D7341BCFF4,billing,EU
REC-8d919c5b-1877,CUST-3972741DCA,identity,US-CA
REC-8d919c5b-1878,CUST-40DFC75A13,support,NG
REC-8d919c5b-1879,CUST-8E4F70BD85,billing,EU
REC-8d919c5b-1880,CUST-AE0A55D8A0,identity,US-CA
REC-8d919c5b-1881,CUST-65A0413AA5,support,NG
REC-8d919c5b-1882,CUST-0394882B02,billing,EU
REC-8d919c5b-1883,CUST-3BB231959F,identity,US-CA
REC-8d919c5b-1884,CUST-2C5F263A80,support,NG
REC-8d919c5b-1885,CUST-C265C47BFB,billing,EU
REC-8d919c5b-1886,CUST-8DD2E189BD,identity,US-CA
REC-8d919c5b-1887,CUST-8CF7602FFC,support,NG
REC-8d919c5b-1888,CUST-BD0537F584,billing,EU
REC-8d919c5b-1889,CUST-625BCF2FE0,identity,US-CA
REC-8d919c5b-1890,CUST-EE63593ADA,support,NG
REC-8d919c5b-1891,CUST-433A9E42D0,billing,EU
REC-8d919c5b-1892,CUST-158A02CBFF,identity,US-CA
REC-8d919c5b-1893,CUST-7BFDD103E5,support,NG
REC-8d919c5b-1894,CUST-D1786ABC5F,billing,EU
REC-8d919c5b-1895,CUST-A4CA32BF1D,identity,US-CA
REC-8d919c5b-1896,CUST-3967A43018,support,NG
REC-8d919c5b-1897,CUST-35A2298F3C,billing,EU
REC-8d919c5b-1898,CUST-A16DA8BEC7,identity,US-CA
REC-8d919c5b-1899,CUST-86A126D275,support,NG
REC-8d919c5b-1900,CUST-A9B72BBB1A,billing,EU
REC-8d919c5b-1901,CUST-1954E5C8CB,identity,US-CA
REC-8d919c5b-1902,CUST-B710F8698F,support,NG
REC-8d919c5b-1903,CUST-3F5DC87EEF,billing,EU
REC-8d919c5b-1904,CUST-5D818037A3,identity,US-CA
REC-8d919c5b-1905,CUST-2EB519D9C8,support,NG
REC-8d919c5b-1906,CUST-BC8CA20B4F,billing,EU
REC-8d919c5b-1907,CUST-3BE92740DF,identity,US-CA
REC-8d919c5b-1908,CUST-B08C375293,support,NG
REC-8d919c5b-1909,CUST-F1D52F98A5,billing,EU
REC-8d919c5b-1910,CUST-3848991CC0,identity,US-CA
REC-8d919c5b-1911,CUST-2354672880,support,NG
REC-8d919c5b-1912,CUST-61C9CFCEB2,billing,EU
REC-8d919c5b-1913,CUST-0716EA4855,identity,US-CA
REC-8d919c5b-1914,CUST-74007BE767,support,NG
REC-8d919c5b-1915,CUST-90CE8BA433,billing,EU
REC-8d919c5b-1916,CUST-F127B25995,identity,US-CA
REC-8d919c5b-1917,CUST-70938D7F97,support,NG
REC-8d919c5b-1918,CUST-44EDA0C3F7,billing,EU
REC-8d919c5b-1919,CUST-784184BA99,identity,US-CA
REC-8d919c5b-1920,CUST-A25DFC17CB,support,NG
REC-8d919c5b-1921,CUST-EEE6EFA1BE,billing,EU
REC-8d919c5b-1922,CUST-F753D075B9,identity,US-CA
REC-8d919c5b-1923,CUST-22157065D2,support,NG
REC-8d919c5b-1924,CUST-65C883094D,billing,EU
REC-8d919c5b-1925,CUST-42C81E8671,identity,US-CA
REC-8d919c5b-1926,CUST-B619949387,support,NG
REC-8d919c5b-1927,CUST-CF314EC1E9,billing,EU
REC-8d919c5b-1928,CUST-5DB359E713,identity,US-CA
REC-8d919c5b-1929,CUST-60AF299AE9,support,NG
REC-8d919c5b-1930,CUST-7C263E54D0,billing,EU
REC-8d919c5b-1931,CUST-8B2B6F57B6,identity,US-CA
REC-8d919c5b-1932,CUST-E3D9B956CD,support,NG
REC-8d919c5b-1933,CUST-3DD0B4D8F1,billing,EU
REC-8d919c5b-1934,CUST-7461B78224,identity,US-CA
REC-8d919c5b-1935,CUST-AF6BB61E8B,support,NG
REC-8d919c5b-1936,CUST-0BD6EC2BA3,billing,EU
REC-8d919c5b-1937,CUST-D5FA8E6372,identity,US-CA
REC-8d919c5b-1938,CUST-D9AE0201CD,support,NG
REC-8d919c5b-1939,CUST-EF290B89BD,billing,EU
REC-8d919c5b-1940,CUST-B3C0780277,identity,US-CA
REC-8d919c5b-1941,CUST-5D3DB44EC4,support,NG
REC-8d919c5b-1942,CUST-BF5DFC5204,billing,EU
REC-8d919c5b-1943,CUST-47D9FB06AF,identity,US-CA
REC-8d919c5b-1944,CUST-1EE1A4F1B5,support,NG
REC-8d919c5b-1945,CUST-5CEB1592C3,billing,EU
REC-8d919c5b-1946,CUST-33ADF28493,identity,US-CA
REC-8d919c5b-1947,CUST-D3BA6A7FEA,support,NG
REC-8d919c5b-1948,CUST-3814C70103,billing,EU
REC-8d919c5b-1949,CUST-E03C13C590,identity,US-CA
REC-8d919c5b-1950,CUST-A54678524F,support,NG
REC-8d919c5b-1951,CUST-5ECAC04196,billing,EU
REC-8d919c5b-1952,CUST-3E7967C82C,identity,US-CA
REC-8d919c5b-1953,CUST-3DAF008A1C,support,NG
REC-8d919c5b-1954,CUST-75FB84A2C3,billing,EU
REC-8d919c5b-1955,CUST-A6F30AB590,identity,US-CA
REC-8d919c5b-1956,CUST-3849019EE3,support,NG
REC-8d919c5b-1957,CUST-225B2C8E5B,billing,EU
REC-8d919c5b-1958,CUST-82E2658549,identity,US-CA
REC-8d919c5b-1959,CUST-8581092B52,support,NG
REC-8d919c5b-1960,CUST-F9EFCAD054,billing,EU
REC-8d919c5b-1961,CUST-8D10686E01,identity,US-CA
REC-8d919c5b-1962,CUST-AF3A0F8F7A,support,NG
REC-8d919c5b-1963,CUST-97782A1A87,billing,EU
REC-8d919c5b-1964,CUST-73C093E542,identity,US-CA
REC-8d919c5b-1965,CUST-AFE7B47794,support,NG
REC-8d919c5b-1966,CUST-B9FCC4EC48,billing,EU
REC-8d919c5b-1967,CUST-339FA69FD2,identity,US-CA
REC-8d919c5b-1968,CUST-9E146C54C1,support,NG
REC-8d919c5b-1969,CUST-7EF20E97E9,billing,EU
REC-8d919c5b-1970,CUST-58B071ECD0,identity,US-CA
REC-8d919c5b-1971,CUST-8BA6804D6C,support,NG
REC-8d919c5b-1972,CUST-70385C010D,billing,EU
REC-8d919c5b-1973,CUST-523A61881F,identity,US-CA
REC-8d919c5b-1974,CUST-FF47A0F13B,support,NG
REC-8d919c5b-1975,CUST-B5846FD8AE,billing,EU
REC-8d919c5b-1976,CUST-A608630C1D,identity,US-CA
REC-8d919c5b-1977,CUST-E5CF56A4B9,support,NG
REC-8d919c5b-1978,CUST-52207F8A05,billing,EU
REC-8d919c5b-1979,CUST-F599DF9289,identity,US-CA
REC-8d919c5b-1980,CUST-1DAB27B4FD,support,NG
REC-8d919c5b-1981,CUST-E60A1E87FF,billing,EU
REC-8d919c5b-1982,CUST-AEF98FC1D5,identity,US-CA
REC-8d919c5b-1983,CUST-38A31FC3AF,support,NG
REC-8d919c5b-1984,CUST-1E0434B840,billing,EU
REC-8d919c5b-1985,CUST-9320926FC9,identity,US-CA
REC-8d919c5b-1986,CUST-74B431C242,support,NG
REC-8d919c5b-1987,CUST-2B63581553,billing,EU
REC-8d919c5b-1988,CUST-EDA5830D18,identity,US-CA
REC-8d919c5b-1989,CUST-E3549DC827,support,NG
REC-8d919c5b-1990,CUST-61DB23B974,billing,EU
REC-8d919c5b-1991,CUST-34CE84DBDD,identity,US-CA
REC-8d919c5b-1992,CUST-FDC9B6F714,support,NG
REC-8d919c5b-1993,CUST-A501263666,billing,EU
REC-8d919c5b-1994,CUST-6A0CB59F7A,identity,US-CA
REC-8d919c5b-1995,CUST-CBF9FDF661,support,NG
REC-8d919c5b-1996,CUST-32953BD120,billing,EU
REC-8d919c5b-1997,CUST-53D206ECAE,identity,US-CA
REC-8d919c5b-1998,CUST-38250008CA,support,NG
REC-8d919c5b-1999,CUST-1BF0C9F3AA,billing,EU
REC-8d919c5b-2000,CUST-09C05E0BB9,identity,US-CA
REC-8d919c5b-2001,CUST-6C90AD577B,support,NG
REC-8d919c5b-2002,CUST-7C1C973B16,billing,EU
REC-8d919c5b-2003,CUST-930293FCBA,identity,US-CA
REC-8d919c5b-2004,CUST-1EBC4ABF4E,support,NG
REC-8d919c5b-2005,CUST-11684694DE,billing,EU
REC-8d919c5b-2006,CUST-BB6DC5EF5F,identity,US-CA
REC-8d919c5b-2007,CUST-74C4123C6A,support,NG
REC-8d919c5b-2008,CUST-52A9C88113,billing,EU
REC-8d919c5b-2009,CUST-C2C64B157E,identity,US-CA
REC-8d919c5b-2010,CUST-DC6D08DA79,support,NG
REC-8d919c5b-2011,CUST-4DDF3A50D2,billing,EU
REC-8d919c5b-2012,CUST-8599C920AE,identity,US-CA
REC-8d919c5b-2013,CUST-66307BF252,support,NG
REC-8d919c5b-2014,CUST-E895B9A4FF,billing,EU
REC-8d919c5b-2015,CUST-B3BC060B72,identity,US-CA
REC-8d919c5b-2016,CUST-524BA6C22F,support,NG
REC-8d919c5b-2017,CUST-D532090EDF,billing,EU
REC-8d919c5b-2018,CUST-915ED200A8,identity,US-CA
REC-8d919c5b-2019,CUST-73219A4D91,support,NG
REC-8d919c5b-2020,CUST-34480E07C5,billing,EU
REC-8d919c5b-2021,CUST-CBDE9D633F,identity,US-CA
REC-8d919c5b-2022,CUST-612061419F,support,NG
REC-8d919c5b-2023,CUST-878332F455,billing,EU
REC-8d919c5b-2024,CUST-1688658F02,identity,US-CA
REC-8d919c5b-2025,CUST-0380D2654A,support,NG
REC-8d919c5b-2026,CUST-47BCD4D0A1,billing,EU
REC-8d919c5b-2027,CUST-0FCCEADF18,identity,US-CA
REC-8d919c5b-2028,CUST-49A96E8F22,support,NG
REC-8d919c5b-2029,CUST-98208F2327,billing,EU
REC-8d919c5b-2030,CUST-13D9B0BE78,identity,US-CA
REC-8d919c5b-2031,CUST-0DFAC19360,support,NG
REC-8d919c5b-2032,CUST-68645D1185,billing,EU
REC-8d919c5b-2033,CUST-0A487276DB,identity,US-CA
REC-8d919c5b-2034,CUST-F157BF51FD,support,NG
REC-8d919c5b-2035,CUST-EC5D7CD89E,billing,EU
REC-8d919c5b-2036,CUST-82E7544BCD,identity,US-CA
REC-8d919c5b-2037,CUST-8CCDAE669A,support,NG
REC-8d919c5b-2038,CUST-F96A1CB74D,billing,EU
REC-8d919c5b-2039,CUST-5650835503,identity,US-CA
REC-8d919c5b-2040,CUST-26F682B8ED,support,NG
REC-8d919c5b-2041,CUST-98B13CD299,billing,EU
REC-8d919c5b-2042,CUST-DA49D918B4,identity,US-CA
REC-8d919c5b-2043,CUST-0756E85E15,support,NG
REC-8d919c5b-2044,CUST-C4D8476B5B,billing,EU
REC-8d919c5b-2045,CUST-14ECFB3AFE,identity,US-CA
REC-8d919c5b-2046,CUST-292FFEEA6A,support,NG
REC-8d919c5b-2047,CUST-0CD0052529,billing,EU
REC-8d919c5b-2048,CUST-88DB889EB9,identity,US-CA
REC-8d919c5b-2049,CUST-3FEC839F5D,support,NG
REC-8d919c5b-2050,CUST-8B532445C0,billing,EU
REC-8d919c5b-2051,CUST-AAD1B6B590,identity,US-CA
REC-8d919c5b-2052,CUST-3874BED332,support,NG
REC-8d919c5b-2053,CUST-34717F251C,billing,EU
REC-8d919c5b-2054,CUST-2427F42D7B,identity,US-CA
REC-8d919c5b-2055,CUST-FAEC558808,support,NG
REC-8d919c5b-2056,CUST-8A724F62DE,billing,EU
REC-8d919c5b-2057,CUST-A9A8E59246,identity,US-CA
REC-8d919c5b-2058,CUST-1A6EE51721,support,NG
REC-8d919c5b-2059,CUST-8E6FCEE449,billing,EU
REC-8d919c5b-2060,CUST-FA73E84C35,identity,US-CA
REC-8d919c5b-2061,CUST-2CD8688CA5,support,NG
REC-8d919c5b-2062,CUST-812ACDC66C,billing,EU
REC-8d919c5b-2063,CUST-24482326DB,identity,US-CA
REC-8d919c5b-2064,CUST-0CDF9C8BB9,support,NG
REC-8d919c5b-2065,CUST-654E5893AB,billing,EU
REC-8d919c5b-2066,CUST-26B956BD8A,identity,US-CA
REC-8d919c5b-2067,CUST-6A099FCE89,support,NG
REC-8d919c5b-2068,CUST-A74FE59B97,billing,EU
REC-8d919c5b-2069,CUST-DBA00DF903,identity,US-CA
REC-8d919c5b-2070,CUST-3432E6392D,support,NG
REC-8d919c5b-2071,CUST-D2E256107E,billing,EU
REC-8d919c5b-2072,CUST-B415B14578,identity,US-CA
REC-8d919c5b-2073,CUST-996AD064CF,support,NG
REC-8d919c5b-2074,CUST-AA31432BBF,billing,EU
REC-8d919c5b-2075,CUST-91ABCA3125,identity,US-CA
REC-8d919c5b-2076,CUST-3D97B9615D,support,NG
REC-8d919c5b-2077,CUST-8A5AFAFF06,billing,EU
REC-8d919c5b-2078,CUST-63B18F4430,identity,US-CA
REC-8d919c5b-2079,CUST-1FDD2079C7,support,NG
REC-8d919c5b-2080,CUST-D5E160206E,billing,EU
REC-8d919c5b-2081,CUST-E38E988D39,identity,US-CA
REC-8d919c5b-2082,CUST-295A1FBFA3,support,NG
REC-8d919c5b-2083,CUST-B95880AF6D,billing,EU
REC-8d919c5b-2084,CUST-728AE26264,identity,US-CA
REC-8d919c5b-2085,CUST-F53049DADD,support,NG
REC-8d919c5b-2086,CUST-FFD8D07871,billing,EU
REC-8d919c5b-2087,CUST-4A5175FFFD,identity,US-CA
REC-8d919c5b-2088,CUST-B73BECE270,support,NG
REC-8d919c5b-2089,CUST-48CBCB6D92,billing,EU
REC-8d919c5b-2090,CUST-C0FAAF2124,identity,US-CA
REC-8d919c5b-2091,CUST-9679551696,support,NG
REC-8d919c5b-2092,CUST-5BE64B1D68,billing,EU
REC-8d919c5b-2093,CUST-172842581A,identity,US-CA
REC-8d919c5b-2094,CUST-BCD234019B,support,NG
REC-8d919c5b-2095,CUST-ED54C2713F,billing,EU
REC-8d919c5b-2096,CUST-F023B338C9,identity,US-CA
REC-8d919c5b-2097,CUST-9AE5258CF8,support,NG
REC-8d919c5b-2098,CUST-E21CB4EBD3,billing,EU
REC-8d919c5b-2099,CUST-7089CED32E,identity,US-CA
REC-8d919c5b-2100,CUST-054FEDA1FD,support,NG
REC-8d919c5b-2101,CUST-E9765F5BFB,billing,EU
REC-8d919c5b-2102,CUST-F939D937F3,identity,US-CA
REC-8d919c5b-2103,CUST-4DDBCF0AD4,support,NG
REC-8d919c5b-2104,CUST-2BF9AEE841,billing,EU
REC-8d919c5b-2105,CUST-2F89777CAC,identity,US-CA
REC-8d919c5b-2106,CUST-85D89A1C33,support,NG
REC-8d919c5b-2107,CUST-60523F3B29,billing,EU
REC-8d919c5b-2108,CUST-8D5F8BA31B,identity,US-CA
REC-8d919c5b-2109,CUST-42CDBC89E6,support,NG
REC-8d919c5b-2110,CUST-6A482101A9,billing,EU
REC-8d919c5b-2111,CUST-B2C5620151,identity,US-CA
REC-8d919c5b-2112,CUST-56CEBBD5FC,support,NG
REC-8d919c5b-2113,CUST-C6FAE2CEAB,billing,EU
REC-8d919c5b-2114,CUST-EBB45D3781,identity,US-CA
REC-8d919c5b-2115,CUST-B0085ED37D,support,NG
REC-8d919c5b-2116,CUST-7690AD073F,billing,EU
REC-8d919c5b-2117,CUST-B4ED563180,identity,US-CA
REC-8d919c5b-2118,CUST-4E09B601C3,support,NG
REC-8d919c5b-2119,CUST-D69D322173,billing,EU
REC-8d919c5b-2120,CUST-8EA4F4CAF3,identity,US-CA
REC-8d919c5b-2121,CUST-8ABF0FA3D2,support,NG
REC-8d919c5b-2122,CUST-BB7FB3B6F7,billing,EU
REC-8d919c5b-2123,CUST-B0A54D428D,identity,US-CA
REC-8d919c5b-2124,CUST-936E6F2CBE,support,NG
REC-8d919c5b-2125,CUST-706986E35C,billing,EU
REC-8d919c5b-2126,CUST-90CD08751F,identity,US-CA
REC-8d919c5b-2127,CUST-FA1A5C34D6,support,NG
REC-8d919c5b-2128,CUST-D8A12641F1,billing,EU
REC-8d919c5b-2129,CUST-8D0C2AA59E,identity,US-CA
REC-8d919c5b-2130,CUST-353B0F7176,support,NG
REC-8d919c5b-2131,CUST-5161335BFC,billing,EU
REC-8d919c5b-2132,CUST-41303A195E,identity,US-CA
REC-8d919c5b-2133,CUST-27A02E66E6,support,NG
REC-8d919c5b-2134,CUST-C8C99568CF,billing,EU
REC-8d919c5b-2135,CUST-ACE15D482B,identity,US-CA
REC-8d919c5b-2136,CUST-BDA14C19D9,support,NG
REC-8d919c5b-2137,CUST-68DBFA1FA2,billing,EU
REC-8d919c5b-2138,CUST-02F7520A04,identity,US-CA
REC-8d919c5b-2139,CUST-6BAABE25D7,support,NG
REC-8d919c5b-2140,CUST-5D716F1A7D,billing,EU
REC-8d919c5b-2141,CUST-F228A190C5,identity,US-CA
REC-8d919c5b-2142,CUST-76791DAC21,support,NG
REC-8d919c5b-2143,CUST-23145631E9,billing,EU
REC-8d919c5b-2144,CUST-7F26C9031F,identity,US-CA
REC-8d919c5b-2145,CUST-DF809D5CE0,support,NG
REC-8d919c5b-2146,CUST-74C44354D0,billing,EU
REC-8d919c5b-2147,CUST-6200AF1BB7,identity,US-CA
REC-8d919c5b-2148,CUST-D7EC5C6AD9,support,NG
REC-8d919c5b-2149,CUST-1D4047E029,billing,EU
REC-8d919c5b-2150,CUST-8B08423291,identity,US-CA
REC-8d919c5b-2151,CUST-3A2486A49B,support,NG
REC-8d919c5b-2152,CUST-044C36EA06,billing,EU
REC-8d919c5b-2153,CUST-F29E9E0DBE,identity,US-CA
REC-8d919c5b-2154,CUST-0538A21350,support,NG
REC-8d919c5b-2155,CUST-6962C7E116,billing,EU
REC-8d919c5b-2156,CUST-9A06174848,identity,US-CA
REC-8d919c5b-2157,CUST-C54948E1CB,support,NG
REC-8d919c5b-2158,CUST-72C8F7A48F,billing,EU
REC-8d919c5b-2159,CUST-766E6AE12D,identity,US-CA
REC-8d919c5b-2160,CUST-9981501CAB,support,NG
REC-8d919c5b-2161,CUST-E8E67A4E14,billing,EU
REC-8d919c5b-2162,CUST-41F6AABFAB,identity,US-CA
REC-8d919c5b-2163,CUST-D45B27D903,support,NG
REC-8d919c5b-2164,CUST-3B277BD2A0,billing,EU
REC-8d919c5b-2165,CUST-B7F9DD458B,identity,US-CA
REC-8d919c5b-2166,CUST-B7C37F9D92,support,NG
REC-8d919c5b-2167,CUST-7844D77D9F,billing,EU
REC-8d919c5b-2168,CUST-8ABF464108,identity,US-CA
REC-8d919c5b-2169,CUST-5C8884D6BB,support,NG
REC-8d919c5b-2170,CUST-87EEEBC793,billing,EU
REC-8d919c5b-2171,CUST-44AF0BD166,identity,US-CA
REC-8d919c5b-2172,CUST-326ECF4452,support,NG
REC-8d919c5b-2173,CUST-B72C3961BF,billing,EU
REC-8d919c5b-2174,CUST-240DB4C7B1,identity,US-CA
REC-8d919c5b-2175,CUST-5FEEC12C70,support,NG
REC-8d919c5b-2176,CUST-3B16863C1D,billing,EU
REC-8d919c5b-2177,CUST-757E4710F5,identity,US-CA
REC-8d919c5b-2178,CUST-0D04E932E0,support,NG
REC-8d919c5b-2179,CUST-692BF3BC3B,billing,EU
REC-8d919c5b-2180,CUST-08F82A96EE,identity,US-CA
REC-8d919c5b-2181,CUST-1818652921,support,NG
REC-8d919c5b-2182,CUST-A0078AEBCA,billing,EU
REC-8d919c5b-2183,CUST-B864503D27,identity,US-CA
REC-8d919c5b-2184,CUST-48F019CE79,support,NG
REC-8d919c5b-2185,CUST-AB36BE3ED4,billing,EU
REC-8d919c5b-2186,CUST-C546E12B60,identity,US-CA
REC-8d919c5b-2187,CUST-D28224EDD7,support,NG
REC-8d919c5b-2188,CUST-980250702D,billing,EU
REC-8d919c5b-2189,CUST-E22E867D39,identity,US-CA
REC-8d919c5b-2190,CUST-83FED8D555,support,NG
REC-8d919c5b-2191,CUST-87BC04E7E8,billing,EU
REC-8d919c5b-2192,CUST-FEA09FDF46,identity,US-CA
REC-8d919c5b-2193,CUST-FCA9F17CEA,support,NG
REC-8d919c5b-2194,CUST-E022BD4B2A,billing,EU
REC-8d919c5b-2195,CUST-D40299D74C,identity,US-CA
REC-8d919c5b-2196,CUST-3A7DAE38A6,support,NG
REC-8d919c5b-2197,CUST-C2BEC70B3D,billing,EU
REC-8d919c5b-2198,CUST-9330BB181C,identity,US-CA
REC-8d919c5b-2199,CUST-A1C272FE8B,support,NG
REC-8d919c5b-2200,CUST-8FA13C116E,billing,EU
REC-8d919c5b-2201,CUST-8CF2C15584,identity,US-CA
REC-8d919c5b-2202,CUST-FB977A40E1,support,NG
REC-8d919c5b-2203,CUST-93147962AF,billing,EU
REC-8d919c5b-2204,CUST-1DA9951E3C,identity,US-CA
REC-8d919c5b-2205,CUST-F266A17F70,support,NG
REC-8d919c5b-2206,CUST-AC37EDEC5A,billing,EU
REC-8d919c5b-2207,CUST-4A7DF475D9,identity,US-CA
REC-8d919c5b-2208,CUST-E188112459,support,NG
REC-8d919c5b-2209,CUST-00A0CB1D50,billing,EU
REC-8d919c5b-2210,CUST-F6982DB5E5,identity,US-CA
REC-8d919c5b-2211,CUST-85CFE67089,support,NG
REC-8d919c5b-2212,CUST-1CF439A9BD,billing,EU
REC-8d919c5b-2213,CUST-EDFF39FFEF,identity,US-CA
REC-8d919c5b-2214,CUST-535609F1B5,support,NG
REC-8d919c5b-2215,CUST-2670E40BD9,billing,EU
REC-8d919c5b-2216,CUST-AF8BDB82C3,identity,US-CA
REC-8d919c5b-2217,CUST-80C4D13B32,support,NG
REC-8d919c5b-2218,CUST-7058D12DE4,billing,EU
REC-8d919c5b-2219,CUST-3658045CA6,identity,US-CA
REC-8d919c5b-2220,CUST-781E18CB50,support,NG
REC-8d919c5b-2221,CUST-7DD6769362,billing,EU
REC-8d919c5b-2222,CUST-5F46D6E4E6,identity,US-CA
REC-8d919c5b-2223,CUST-9D0853738B,support,NG
REC-8d919c5b-2224,CUST-9707A85294,billing,EU
REC-8d919c5b-2225,CUST-7CCDD66C14,identity,US-CA
REC-8d919c5b-2226,CUST-6E42E2CBA7,support,NG
REC-8d919c5b-2227,CUST-8310088099,billing,EU
REC-8d919c5b-2228,CUST-43DFBE4821,identity,US-CA
REC-8d919c5b-2229,CUST-0021F69BF8,support,NG
REC-8d919c5b-2230,CUST-7341051F77,billing,EU
REC-8d919c5b-2231,CUST-20750E563A,identity,US-CA
REC-8d919c5b-2232,CUST-E4972C302E,support,NG
REC-8d919c5b-2233,CUST-F56A39B122,billing,EU
REC-8d919c5b-2234,CUST-2FA6B1BC8E,identity,US-CA
REC-8d919c5b-2235,CUST-D1C4F201E1,support,NG
REC-8d919c5b-2236,CUST-9DF9BF45A7,billing,EU
REC-8d919c5b-2237,CUST-CF45E0E03A,identity,US-CA
REC-8d919c5b-2238,CUST-1145708A64,support,NG
REC-8d919c5b-2239,CUST-F2EDC552EA,billing,EU
REC-8d919c5b-2240,CUST-681F6692C2,identity,US-CA
REC-8d919c5b-2241,CUST-D89598F329,support,NG
REC-8d919c5b-2242,CUST-8128D323C2,billing,EU
REC-8d919c5b-2243,CUST-D63C5C0DEC,identity,US-CA
REC-8d919c5b-2244,CUST-19D4813E23,support,NG
REC-8d919c5b-2245,CUST-18135FE7B9,billing,EU
REC-8d919c5b-2246,CUST-B8FC70AAEF,identity,US-CA
REC-8d919c5b-2247,CUST-160E4AEF2D,support,NG
REC-8d919c5b-2248,CUST-8673703F98,billing,EU
REC-8d919c5b-2249,CUST-3CBCB5FEE0,identity,US-CA
REC-8d919c5b-2250,CUST-691C421211,support,NG
REC-8d919c5b-2251,CUST-453C5E9922,billing,EU
REC-8d919c5b-2252,CUST-BAC422C03E,identity,US-CA
REC-8d919c5b-2253,CUST-1FE6A62BDA,support,NG
REC-8d919c5b-2254,CUST-CC73AE3D28,billing,EU
REC-8d919c5b-2255,CUST-0E1CF8BC5D,identity,US-CA
REC-8d919c5b-2256,CUST-C4899BB921,support,NG
REC-8d919c5b-2257,CUST-92B7C3B82D,billing,EU
REC-8d919c5b-2258,CUST-FBE1F59CB4,identity,US-CA
REC-8d919c5b-2259,CUST-2D00ADC6BF,support,NG
REC-8d919c5b-2260,CUST-A200C17038,billing,EU
REC-8d919c5b-2261,CUST-EE0E5145DE,identity,US-CA
REC-8d919c5b-2262,CUST-4BB3508D14,support,NG
REC-8d919c5b-2263,CUST-26C9006D51,billing,EU
REC-8d919c5b-2264,CUST-51B88CA3E7,identity,US-CA
REC-8d919c5b-2265,CUST-2CEA226C99,support,NG
REC-8d919c5b-2266,CUST-CE3C59873C,billing,EU
REC-8d919c5b-2267,CUST-53CEAC22CC,identity,US-CA
REC-8d919c5b-2268,CUST-A068C44B98,support,NG
REC-8d919c5b-2269,CUST-45E8A0F9C0,billing,EU
REC-8d919c5b-2270,CUST-3408391672,identity,US-CA
REC-8d919c5b-2271,CUST-A1E886853B,support,NG
REC-8d919c5b-2272,CUST-FC265B7A41,billing,EU
REC-8d919c5b-2273,CUST-F1901848E7,identity,US-CA
REC-8d919c5b-2274,CUST-67AAE1E9BC,support,NG
REC-8d919c5b-2275,CUST-00FC626A73,billing,EU
REC-8d919c5b-2276,CUST-5C7FD09209,identity,US-CA
REC-8d919c5b-2277,CUST-ECFA0AFF93,support,NG
REC-8d919c5b-2278,CUST-8273AD0764,billing,EU
REC-8d919c5b-2279,CUST-B5DD39D9D9,identity,US-CA
REC-8d919c5b-2280,CUST-9FF4F0A72F,support,NG
REC-8d919c5b-2281,CUST-0175043CE5,billing,EU
REC-8d919c5b-2282,CUST-7F4AC43A14,identity,US-CA
REC-8d919c5b-2283,CUST-9CD0349CD5,support,NG
REC-8d919c5b-2284,CUST-193666DEC6,billing,EU
REC-8d919c5b-2285,CUST-CBA4B279A4,identity,US-CA
REC-8d919c5b-2286,CUST-803C7F0F3C,support,NG
REC-8d919c5b-2287,CUST-5B4F57ADA4,billing,EU
REC-8d919c5b-2288,CUST-5F23FADCE7,identity,US-CA
REC-8d919c5b-2289,CUST-5538BC1D9A,support,NG
REC-8d919c5b-2290,CUST-C29C09A3BE,billing,EU
REC-8d919c5b-2291,CUST-BAB686B7D6,identity,US-CA
REC-8d919c5b-2292,CUST-F44E49F8C8,support,NG
REC-8d919c5b-2293,CUST-79D024EB26,billing,EU
REC-8d919c5b-2294,CUST-AEF1AE9D76,identity,US-CA
REC-8d919c5b-2295,CUST-47EE502EBA,support,NG
REC-8d919c5b-2296,CUST-F3D0306B8A,billing,EU
REC-8d919c5b-2297,CUST-0CE6701A33,identity,US-CA
REC-8d919c5b-2298,CUST-485A1EF03A,support,NG
REC-8d919c5b-2299,CUST-BFB152B4AB,billing,EU
REC-8d919c5b-2300,CUST-40F904F8EA,identity,US-CA
REC-8d919c5b-2301,CUST-7530622248,support,NG
REC-8d919c5b-2302,CUST-4D39CD3B2D,billing,EU
REC-8d919c5b-2303,CUST-5FE00B497D,identity,US-CA
REC-8d919c5b-2304,CUST-5BED33E09A,support,NG
REC-8d919c5b-2305,CUST-48B42AD86F,billing,EU
REC-8d919c5b-2306,CUST-02F9D21019,identity,US-CA
REC-8d919c5b-2307,CUST-1BDCD7E842,support,NG
REC-8d919c5b-2308,CUST-BF892D5AFE,billing,EU
REC-8d919c5b-2309,CUST-6E13D72A21,identity,US-CA
REC-8d919c5b-2310,CUST-E8CC7497A4,support,NG
REC-8d919c5b-2311,CUST-93C20C5DB7,billing,EU
REC-8d919c5b-2312,CUST-434D5199FD,identity,US-CA
REC-8d919c5b-2313,CUST-D11CA8F139,support,NG
REC-8d919c5b-2314,CUST-0DE7ED8FC5,billing,EU
REC-8d919c5b-2315,CUST-A39032BFE5,identity,US-CA
REC-8d919c5b-2316,CUST-01F8574BB0,support,NG
REC-8d919c5b-2317,CUST-06CE8904BC,billing,EU
REC-8d919c5b-2318,CUST-FF254B5917,identity,US-CA
REC-8d919c5b-2319,CUST-DEE4EEC8EE,support,NG
REC-8d919c5b-2320,CUST-D6042AEE93,billing,EU
REC-8d919c5b-2321,CUST-16C1DD2372,identity,US-CA
REC-8d919c5b-2322,CUST-13FAB662B3,support,NG
REC-8d919c5b-2323,CUST-155EF7FD8F,billing,EU
REC-8d919c5b-2324,CUST-46966920A5,identity,US-CA
REC-8d919c5b-2325,CUST-CC52F2C58B,support,NG
REC-8d919c5b-2326,CUST-1E258A7100,billing,EU
REC-8d919c5b-2327,CUST-D3A5852D9E,identity,US-CA
REC-8d919c5b-2328,CUST-6FE8AFF833,support,NG
REC-8d919c5b-2329,CUST-D40FC6F23F,billing,EU
REC-8d919c5b-2330,CUST-B3A18015F0,identity,US-CA
REC-8d919c5b-2331,CUST-020F2BF720,support,NG
REC-8d919c5b-2332,CUST-88C7DCE299,billing,EU
REC-8d919c5b-2333,CUST-EDFE0EDBB9,identity,US-CA
REC-8d919c5b-2334,CUST-DCCCBBB082,support,NG
REC-8d919c5b-2335,CUST-1E9E7BEF5F,billing,EU
REC-8d919c5b-2336,CUST-ACC953D445,identity,US-CA
REC-8d919c5b-2337,CUST-0015F470FC,support,NG
REC-8d919c5b-2338,CUST-F4B6D92B9F,billing,EU
REC-8d919c5b-2339,CUST-0BDBEF8C90,identity,US-CA
REC-8d919c5b-2340,CUST-D773044C54,support,NG
REC-8d919c5b-2341,CUST-00E311F3F3,billing,EU
REC-8d919c5b-2342,CUST-88D38B90AA,identity,US-CA
REC-8d919c5b-2343,CUST-FB109EDC7F,support,NG
REC-8d919c5b-2344,CUST-A628B6F488,billing,EU
REC-8d919c5b-2345,CUST-FF37D8BF57,identity,US-CA
REC-8d919c5b-2346,CUST-507C1E4C51,support,NG
REC-8d919c5b-2347,CUST-7716DB2087,billing,EU
REC-8d919c5b-2348,CUST-D6B040401B,identity,US-CA
REC-8d919c5b-2349,CUST-37E108584C,support,NG
REC-8d919c5b-2350,CUST-631E1022F2,billing,EU
REC-8d919c5b-2351,CUST-A8C8463039,identity,US-CA
REC-8d919c5b-2352,CUST-1238721797,support,NG
REC-8d919c5b-2353,CUST-01D3F9F0A2,billing,EU
REC-8d919c5b-2354,CUST-CDEC5E85C9,identity,US-CA
REC-8d919c5b-2355,CUST-5F4C13C0DA,support,NG
REC-8d919c5b-2356,CUST-B3DF7CB724,billing,EU
REC-8d919c5b-2357,CUST-8755947421,identity,US-CA
REC-8d919c5b-2358,CUST-80B50D29EB,support,NG
REC-8d919c5b-2359,CUST-B637930874,billing,EU
REC-8d919c5b-2360,CUST-78148DB4F8,identity,US-CA
REC-8d919c5b-2361,CUST-552F3B832F,support,NG
REC-8d919c5b-2362,CUST-8096E72324,billing,EU
REC-8d919c5b-2363,CUST-4185360B54,identity,US-CA
REC-8d919c5b-2364,CUST-46F8013185,support,NG
REC-8d919c5b-2365,CUST-71C1CE0449,billing,EU
REC-8d919c5b-2366,CUST-4C7E24880A,identity,US-CA
REC-8d919c5b-2367,CUST-80ED4385C9,support,NG
REC-8d919c5b-2368,CUST-0870B03A25,billing,EU
REC-8d919c5b-2369,CUST-73738B9419,identity,US-CA
REC-8d919c5b-2370,CUST-31A6B66826,support,NG
REC-8d919c5b-2371,CUST-E168DD93A5,billing,EU
REC-8d919c5b-2372,CUST-9890F77882,identity,US-CA
REC-8d919c5b-2373,CUST-C3245581DA,support,NG
REC-8d919c5b-2374,CUST-A9671BB0AD,billing,EU
REC-8d919c5b-2375,CUST-AF8A780223,identity,US-CA
REC-8d919c5b-2376,CUST-76CEE5B496,support,NG
REC-8d919c5b-2377,CUST-A432B32464,billing,EU
REC-8d919c5b-2378,CUST-7547586289,identity,US-CA
REC-8d919c5b-2379,CUST-E999D3E102,support,NG
REC-8d919c5b-2380,CUST-C2A40D9B99,billing,EU
REC-8d919c5b-2381,CUST-2AA441C724,identity,US-CA
REC-8d919c5b-2382,CUST-2A2F76B895,support,NG
REC-8d919c5b-2383,CUST-55220BCD77,billing,EU
REC-8d919c5b-2384,CUST-4DAA163913,identity,US-CA
REC-8d919c5b-2385,CUST-1B17787BD0,support,NG
REC-8d919c5b-2386,CUST-8EFE9CED6A,billing,EU
REC-8d919c5b-2387,CUST-126A1F3E5D,identity,US-CA
REC-8d919c5b-2388,CUST-33633BA299,support,NG
REC-8d919c5b-2389,CUST-4E30178E69,billing,EU
REC-8d919c5b-2390,CUST-70024FCB4D,identity,US-CA
REC-8d919c5b-2391,CUST-B747D99570,support,NG
REC-8d919c5b-2392,CUST-2DBDE36576,billing,EU
REC-8d919c5b-2393,CUST-9CE94CF2DA,identity,US-CA
REC-8d919c5b-2394,CUST-8A24AADDE7,support,NG
REC-8d919c5b-2395,CUST-DA75C9FD08,billing,EU
REC-8d919c5b-2396,CUST-59516A572D,identity,US-CA
REC-8d919c5b-2397,CUST-86ECC5063E,support,NG
REC-8d919c5b-2398,CUST-09034DA3AD,billing,EU
REC-8d919c5b-2399,CUST-75C7FEA86C,identity,US-CA
REC-8d919c5b-2400,CUST-2D5879F7A4,support,NG
REC-8d919c5b-2401,CUST-FA7379DD4C,billing,EU
REC-8d919c5b-2402,CUST-D1F28A538E,identity,US-CA
REC-8d919c5b-2403,CUST-5A68DA274F,support,NG
REC-8d919c5b-2404,CUST-D715358382,billing,EU
REC-8d919c5b-2405,CUST-E575F615EE,identity,US-CA
REC-8d919c5b-2406,CUST-C64259776D,support,NG
REC-8d919c5b-2407,CUST-37CFF575A4,billing,EU
REC-8d919c5b-2408,CUST-14D326D25C,identity,US-CA
REC-8d919c5b-2409,CUST-B07EB95AAF,support,NG
REC-8d919c5b-2410,CUST-26D93F2F16,billing,EU
REC-8d919c5b-2411,CUST-34DDB5FD3A,identity,US-CA
REC-8d919c5b-2412,CUST-352B35F392,support,NG
REC-8d919c5b-2413,CUST-90272664E3,billing,EU
REC-8d919c5b-2414,CUST-6344812315,identity,US-CA
REC-8d919c5b-2415,CUST-7CCB9E1C71,support,NG
REC-8d919c5b-2416,CUST-E72E48E93B,billing,EU
REC-8d919c5b-2417,CUST-655417E0C1,identity,US-CA
REC-8d919c5b-2418,CUST-5BB0C64EFF,support,NG
REC-8d919c5b-2419,CUST-E8249EFDEB,billing,EU
REC-8d919c5b-2420,CUST-C5D4F6E264,identity,US-CA
REC-8d919c5b-2421,CUST-62438D9716,support,NG
REC-8d919c5b-2422,CUST-5433F8A8EE,billing,EU
REC-8d919c5b-2423,CUST-F8151337DF,identity,US-CA
REC-8d919c5b-2424,CUST-82C3380A5A,support,NG
REC-8d919c5b-2425,CUST-37EA76CF58,billing,EU
REC-8d919c5b-2426,CUST-095988FB10,identity,US-CA
REC-8d919c5b-2427,CUST-895F79F827,support,NG
REC-8d919c5b-2428,CUST-D6FE8930B6,billing,EU
REC-8d919c5b-2429,CUST-546DDEC901,identity,US-CA
REC-8d919c5b-2430,CUST-1B39766C76,support,NG
REC-8d919c5b-2431,CUST-0384D041F9,billing,EU
REC-8d919c5b-2432,CUST-09B0D33E70,identity,US-CA
REC-8d919c5b-2433,CUST-6E1655BD12,support,NG
REC-8d919c5b-2434,CUST-2C030B3C5A,billing,EU
REC-8d919c5b-2435,CUST-7F0815552F,identity,US-CA
REC-8d919c5b-2436,CUST-306742655D,support,NG
REC-8d919c5b-2437,CUST-53573C099C,billing,EU
REC-8d919c5b-2438,CUST-0104FCC8E1,identity,US-CA
REC-8d919c5b-2439,CUST-0453A3EA03,support,NG
REC-8d919c5b-2440,CUST-ACC359B8E1,billing,EU
REC-8d919c5b-2441,CUST-6FB1A0C1F9,identity,US-CA
REC-8d919c5b-2442,CUST-59A7A0C4AC,support,NG
REC-8d919c5b-2443,CUST-DC86E6617A,billing,EU
REC-8d919c5b-2444,CUST-E422D1A61A,identity,US-CA
REC-8d919c5b-2445,CUST-68AC4F28E8,support,NG
REC-8d919c5b-2446,CUST-CD4AEEF101,billing,EU
REC-8d919c5b-2447,CUST-657C309E61,identity,US-CA
REC-8d919c5b-2448,CUST-28C2D68DB4,support,NG
REC-8d919c5b-2449,CUST-394C21E888,billing,EU
REC-8d919c5b-2450,CUST-D692CAD13F,identity,US-CA
REC-8d919c5b-2451,CUST-8E6E177EA5,support,NG
REC-8d919c5b-2452,CUST-EEBF610F66,billing,EU
REC-8d919c5b-2453,CUST-19302018B5,identity,US-CA
REC-8d919c5b-2454,CUST-FEB1EAA286,support,NG
REC-8d919c5b-2455,CUST-16F443B0A5,billing,EU
REC-8d919c5b-2456,CUST-1A2E59D250,identity,US-CA
REC-8d919c5b-2457,CUST-0BA13C1006,support,NG
REC-8d919c5b-2458,CUST-9EAA70A8F6,billing,EU
REC-8d919c5b-2459,CUST-7CF175C52A,identity,US-CA
REC-8d919c5b-2460,CUST-8BC2229948,support,NG
REC-8d919c5b-2461,CUST-486F7FD53A,billing,EU
REC-8d919c5b-2462,CUST-8EF0596827,identity,US-CA
REC-8d919c5b-2463,CUST-76F30B2AC8,support,NG
REC-8d919c5b-2464,CUST-37789A0544,billing,EU
REC-8d919c5b-2465,CUST-F1EC6A2AC3,identity,US-CA
REC-8d919c5b-2466,CUST-C079E53B5D,support,NG
REC-8d919c5b-2467,CUST-E81D83A54A,billing,EU
REC-8d919c5b-2468,CUST-C4AC255B3F,identity,US-CA
REC-8d919c5b-2469,CUST-704E2876DA,support,NG
REC-8d919c5b-2470,CUST-E97D199EDC,billing,EU
REC-8d919c5b-2471,CUST-049D3B5BA3,identity,US-CA
REC-8d919c5b-2472,CUST-F4BA637A68,support,NG
REC-8d919c5b-2473,CUST-1253EB85BB,billing,EU
REC-8d919c5b-2474,CUST-2956694FD6,identity,US-CA
REC-8d919c5b-2475,CUST-6A7835BCD9,support,NG
REC-8d919c5b-2476,CUST-4555366543,billing,EU
REC-8d919c5b-2477,CUST-13260FD294,identity,US-CA
REC-8d919c5b-2478,CUST-4BCA9A4891,support,NG
REC-8d919c5b-2479,CUST-E580E8B8A1,billing,EU
REC-8d919c5b-2480,CUST-232E8F64AA,identity,US-CA
REC-8d919c5b-2481,CUST-C379B2D264,support,NG
REC-8d919c5b-2482,CUST-C8189E0142,billing,EU
REC-8d919c5b-2483,CUST-2FBA412F90,identity,US-CA
REC-8d919c5b-2484,CUST-0A5EB78467,support,NG
REC-8d919c5b-2485,CUST-E4B6D076A4,billing,EU
REC-8d919c5b-2486,CUST-501FABAA70,identity,US-CA
REC-8d919c5b-2487,CUST-5954BDB9C7,support,NG
REC-8d919c5b-2488,CUST-19A2C85DCB,billing,EU
REC-8d919c5b-2489,CUST-4753FF3DFB,identity,US-CA
REC-8d919c5b-2490,CUST-69AA330FEE,support,NG
REC-8d919c5b-2491,CUST-3BB605BBBC,billing,EU
REC-8d919c5b-2492,CUST-F33060EC87,identity,US-CA
REC-8d919c5b-2493,CUST-DC52F06B6D,support,NG
REC-8d919c5b-2494,CUST-B936346797,billing,EU
REC-8d919c5b-2495,CUST-D0FEB02208,identity,US-CA
REC-8d919c5b-2496,CUST-1396F904CB,support,NG
REC-8d919c5b-2497,CUST-C204F7B9CD,billing,EU
REC-8d919c5b-2498,CUST-320AF15DB7,identity,US-CA
REC-8d919c5b-2499,CUST-B506B8658F,support,NG
REC-8d919c5b-2500,CUST-35ECC176C1,billing,EU
REC-8d919c5b-2501,CUST-6AAE3B431D,identity,US-CA
REC-8d919c5b-2502,CUST-8575E2DB61,support,NG
REC-8d919c5b-2503,CUST-F7E2857968,billing,EU
REC-8d919c5b-2504,CUST-209CEC5748,identity,US-CA
REC-8d919c5b-2505,CUST-9127853B52,support,NG
REC-8d919c5b-2506,CUST-1319CF89B6,billing,EU
REC-8d919c5b-2507,CUST-798DBB06E8,identity,US-CA
REC-8d919c5b-2508,CUST-78809690C0,support,NG
REC-8d919c5b-2509,CUST-255B8368DA,billing,EU
REC-8d919c5b-2510,CUST-4F8B18ACA8,identity,US-CA
REC-8d919c5b-2511,CUST-81001BF57C,support,NG
REC-8d919c5b-2512,CUST-D1473E1DBF,billing,EU
REC-8d919c5b-2513,CUST-53E8196373,identity,US-CA
REC-8d919c5b-2514,CUST-139BE7846B,support,NG
REC-8d919c5b-2515,CUST-0D2F6F81D4,billing,EU
REC-8d919c5b-2516,CUST-7E57CF9636,identity,US-CA
REC-8d919c5b-2517,CUST-D6550AC557,support,NG
REC-8d919c5b-2518,CUST-714AE7BC1B,billing,EU
REC-8d919c5b-2519,CUST-196E876DDB,identity,US-CA
REC-8d919c5b-2520,CUST-E07A45D64D,support,NG
REC-8d919c5b-2521,CUST-5EB5703261,billing,EU
REC-8d919c5b-2522,CUST-A6EAF1B8B1,identity,US-CA
REC-8d919c5b-2523,CUST-FE4D41A60D,support,NG
REC-8d919c5b-2524,CUST-C15EAE01B6,billing,EU
REC-8d919c5b-2525,CUST-05C253E18E,identity,US-CA
REC-8d919c5b-2526,CUST-123EBD7FA0,support,NG
REC-8d919c5b-2527,CUST-818E8F4621,billing,EU
REC-8d919c5b-2528,CUST-584E1F2A06,identity,US-CA
REC-8d919c5b-2529,CUST-37ED60BABA,support,NG
REC-8d919c5b-2530,CUST-A53DE5BD72,billing,EU
REC-8d919c5b-2531,CUST-62BDA91AAA,identity,US-CA
REC-8d919c5b-2532,CUST-13A97F98CF,support,NG
REC-8d919c5b-2533,CUST-0C67D5A80A,billing,EU
REC-8d919c5b-2534,CUST-077F440EDB,identity,US-CA
REC-8d919c5b-2535,CUST-9B56A5212B,support,NG
REC-8d919c5b-2536,CUST-86A716CF07,billing,EU
REC-8d919c5b-2537,CUST-8178D5A909,identity,US-CA
REC-8d919c5b-2538,CUST-1D7E937124,support,NG
REC-8d919c5b-2539,CUST-7113571AD4,billing,EU
REC-8d919c5b-2540,CUST-0BF6690367,identity,US-CA
REC-8d919c5b-2541,CUST-6901A01D65,support,NG
REC-8d919c5b-2542,CUST-834847F681,billing,EU
REC-8d919c5b-2543,CUST-FCDDC4315A,identity,US-CA
REC-8d919c5b-2544,CUST-9DCA4901A9,support,NG
REC-8d919c5b-2545,CUST-372C46D819,billing,EU
REC-8d919c5b-2546,CUST-9049056261,identity,US-CA
REC-8d919c5b-2547,CUST-3278626CFB,support,NG
REC-8d919c5b-2548,CUST-D745074B8D,billing,EU
REC-8d919c5b-2549,CUST-2D0B1F7ED6,identity,US-CA
REC-8d919c5b-2550,CUST-2932AE3DB6,support,NG
REC-8d919c5b-2551,CUST-11A5346833,billing,EU
REC-8d919c5b-2552,CUST-488CD2A027,identity,US-CA
REC-8d919c5b-2553,CUST-473D0279F8,support,NG
REC-8d919c5b-2554,CUST-3F36883736,billing,EU
REC-8d919c5b-2555,CUST-2CA5578CCD,identity,US-CA
REC-8d919c5b-2556,CUST-C7D71E48B4,support,NG
REC-8d919c5b-2557,CUST-EF53721D6D,billing,EU
REC-8d919c5b-2558,CUST-8F4E5F554B,identity,US-CA
REC-8d919c5b-2559,CUST-2CDAEBF977,support,NG
REC-8d919c5b-2560,CUST-0AA5D239F5,billing,EU
REC-8d919c5b-2561,CUST-D8E8D9F774,identity,US-CA
REC-8d919c5b-2562,CUST-163E762A0E,support,NG
REC-8d919c5b-2563,CUST-7142A07531,billing,EU
REC-8d919c5b-2564,CUST-476BF8C974,identity,US-CA
REC-8d919c5b-2565,CUST-F364E6A34C,support,NG
REC-8d919c5b-2566,CUST-3BF0E6B48E,billing,EU
REC-8d919c5b-2567,CUST-6B3877FF23,identity,US-CA
REC-8d919c5b-2568,CUST-C796688209,support,NG
REC-8d919c5b-2569,CUST-CCE20D0E11,billing,EU
REC-8d919c5b-2570,CUST-5A35C61A41,identity,US-CA
REC-8d919c5b-2571,CUST-E1793621C1,support,NG
REC-8d919c5b-2572,CUST-E0F03EA074,billing,EU
REC-8d919c5b-2573,CUST-178E3A5942,identity,US-CA
REC-8d919c5b-2574,CUST-CDCBCA7E29,support,NG
REC-8d919c5b-2575,CUST-AAB3DEFC16,billing,EU
REC-8d919c5b-2576,CUST-A92837E442,identity,US-CA
REC-8d919c5b-2577,CUST-CFBFE102FC,support,NG
REC-8d919c5b-2578,CUST-E748842AE0,billing,EU
REC-8d919c5b-2579,CUST-CD89138183,identity,US-CA
REC-8d919c5b-2580,CUST-5F14310B50,support,NG
REC-8d919c5b-2581,CUST-76EF9E708F,billing,EU
REC-8d919c5b-2582,CUST-0109F93BD2,identity,US-CA
REC-8d919c5b-2583,CUST-AAF3D48114,support,NG
REC-8d919c5b-2584,CUST-39752DE89F,billing,EU
REC-8d919c5b-2585,CUST-3D7F5C4010,identity,US-CA
REC-8d919c5b-2586,CUST-799C6F3268,support,NG
REC-8d919c5b-2587,CUST-6CCC36F1A2,billing,EU
REC-8d919c5b-2588,CUST-C1E414830B,identity,US-CA
REC-8d919c5b-2589,CUST-F42B9180FC,support,NG
REC-8d919c5b-2590,CUST-3E2E471238,billing,EU
REC-8d919c5b-2591,CUST-84D1618488,identity,US-CA
REC-8d919c5b-2592,CUST-89C1F9F541,support,NG
REC-8d919c5b-2593,CUST-8253C0A4F4,billing,EU
REC-8d919c5b-2594,CUST-E0B5E07DB3,identity,US-CA
REC-8d919c5b-2595,CUST-45FEC0B28E,support,NG
REC-8d919c5b-2596,CUST-E694A05AF3,billing,EU
REC-8d919c5b-2597,CUST-6A6172825C,identity,US-CA
REC-8d919c5b-2598,CUST-4E93A1294D,support,NG
REC-8d919c5b-2599,CUST-0827980E50,billing,EU
REC-8d919c5b-2600,CUST-9EF48EF9B3,identity,US-CA
REC-8d919c5b-2601,CUST-9AD88615A6,support,NG
REC-8d919c5b-2602,CUST-5BFFD1C3C9,billing,EU
REC-8d919c5b-2603,CUST-B1C77AF716,identity,US-CA
REC-8d919c5b-2604,CUST-06EA8BCFA3,support,NG
REC-8d919c5b-2605,CUST-3489A21132,billing,EU
REC-8d919c5b-2606,CUST-9C6F220379,identity,US-CA
REC-8d919c5b-2607,CUST-7755F95993,support,NG
REC-8d919c5b-2608,CUST-8106007C57,billing,EU
REC-8d919c5b-2609,CUST-927AEF4D64,identity,US-CA
REC-8d919c5b-2610,CUST-A8A5EE0B6C,support,NG
REC-8d919c5b-2611,CUST-FCB0DB67FA,billing,EU
REC-8d919c5b-2612,CUST-FBAAA25497,identity,US-CA
REC-8d919c5b-2613,CUST-E4B6FA910A,support,NG
REC-8d919c5b-2614,CUST-027555D261,billing,EU
REC-8d919c5b-2615,CUST-E89E100D89,identity,US-CA
REC-8d919c5b-2616,CUST-E8D82BA56D,support,NG
REC-8d919c5b-2617,CUST-6C10633CCC,billing,EU
REC-8d919c5b-2618,CUST-7BE89F3F47,identity,US-CA
REC-8d919c5b-2619,CUST-62CD8A6C01,support,NG
REC-8d919c5b-2620,CUST-51C6EFB014,billing,EU
REC-8d919c5b-2621,CUST-488F9D879E,identity,US-CA
REC-8d919c5b-2622,CUST-433C4D98C3,support,NG
REC-8d919c5b-2623,CUST-EC1E13B4DE,billing,EU
REC-8d919c5b-2624,CUST-BD8E259ED1,identity,US-CA
REC-8d919c5b-2625,CUST-63A60D6787,support,NG
REC-8d919c5b-2626,CUST-9D38E026CA,billing,EU
REC-8d919c5b-2627,CUST-9BCF9D22CF,identity,US-CA
REC-8d919c5b-2628,CUST-3D08FCC302,support,NG
REC-8d919c5b-2629,CUST-0B5477FAF0,billing,EU
REC-8d919c5b-2630,CUST-7259DC8E42,identity,US-CA
REC-8d919c5b-2631,CUST-C1E51E6F91,support,NG
REC-8d919c5b-2632,CUST-30A8AA660E,billing,EU
REC-8d919c5b-2633,CUST-CAED03FE6A,identity,US-CA
REC-8d919c5b-2634,CUST-584FF0C6F0,support,NG
REC-8d919c5b-2635,CUST-61AD322C85,billing,EU
REC-8d919c5b-2636,CUST-ED08F8E0E3,identity,US-CA
REC-8d919c5b-2637,CUST-FAB8DA43E5,support,NG
REC-8d919c5b-2638,CUST-7547C398CC,billing,EU
REC-8d919c5b-2639,CUST-FF24642AA5,identity,US-CA
REC-8d919c5b-2640,CUST-8497BFF3CB,support,NG
REC-8d919c5b-2641,CUST-B63F3AC610,billing,EU
REC-8d919c5b-2642,CUST-A3E750FA7B,identity,US-CA
REC-8d919c5b-2643,CUST-D410F37278,support,NG
REC-8d919c5b-2644,CUST-2FF2F35FF2,billing,EU
REC-8d919c5b-2645,CUST-C1FF632D26,identity,US-CA
REC-8d919c5b-2646,CUST-56AE4A46BD,support,NG
REC-8d919c5b-2647,CUST-2B62E52F20,billing,EU
REC-8d919c5b-2648,CUST-B122D5D733,identity,US-CA
REC-8d919c5b-2649,CUST-8F05BE2532,support,NG
REC-8d919c5b-2650,CUST-55DBA28694,billing,EU
REC-8d919c5b-2651,CUST-5BFBB599AB,identity,US-CA
REC-8d919c5b-2652,CUST-A2BB23CED4,support,NG
REC-8d919c5b-2653,CUST-39163E76E5,billing,EU
REC-8d919c5b-2654,CUST-4C0FEFBE90,identity,US-CA
REC-8d919c5b-2655,CUST-5975DAD66B,support,NG
REC-8d919c5b-2656,CUST-B52C4DEADF,billing,EU
REC-8d919c5b-2657,CUST-2B21AE47C8,identity,US-CA
REC-8d919c5b-2658,CUST-FF62988D86,support,NG
REC-8d919c5b-2659,CUST-688F3AC9B3,billing,EU
REC-8d919c5b-2660,CUST-C35121EC40,identity,US-CA
REC-8d919c5b-2661,CUST-7B7969B8CB,support,NG
REC-8d919c5b-2662,CUST-8F0558D7AB,billing,EU
REC-8d919c5b-2663,CUST-00EA090FFB,identity,US-CA
REC-8d919c5b-2664,CUST-ECCCC13575,support,NG
REC-8d919c5b-2665,CUST-34C427AAA9,billing,EU
REC-8d919c5b-2666,CUST-4EF27F21FD,identity,US-CA
REC-8d919c5b-2667,CUST-8509E4BE79,support,NG
REC-8d919c5b-2668,CUST-0F404CFB22,billing,EU
REC-8d919c5b-2669,CUST-457C57E721,identity,US-CA
REC-8d919c5b-2670,CUST-39967A3F87,support,NG
REC-8d919c5b-2671,CUST-FB2979FB7C,billing,EU
REC-8d919c5b-2672,CUST-FF939A8883,identity,US-CA
REC-8d919c5b-2673,CUST-896E8FD55A,support,NG
REC-8d919c5b-2674,CUST-89BF80F904,billing,EU
REC-8d919c5b-2675,CUST-520291408F,identity,US-CA
REC-8d919c5b-2676,CUST-1F06BED0BA,support,NG
REC-8d919c5b-2677,CUST-4D48BC71FC,billing,EU
REC-8d919c5b-2678,CUST-30C89C7BCA,identity,US-CA
REC-8d919c5b-2679,CUST-04D4940B3F,support,NG
REC-8d919c5b-2680,CUST-68620B834C,billing,EU
REC-8d919c5b-2681,CUST-63B573B00C,identity,US-CA
REC-8d919c5b-2682,CUST-9EB5DD6894,support,NG
REC-8d919c5b-2683,CUST-4609DD721F,billing,EU
REC-8d919c5b-2684,CUST-3CE2FD210D,identity,US-CA
REC-8d919c5b-2685,CUST-DF800E4536,support,NG
REC-8d919c5b-2686,CUST-44AE326FDB,billing,EU
REC-8d919c5b-2687,CUST-B854ED2D88,identity,US-CA
REC-8d919c5b-2688,CUST-5D5B943EBB,support,NG
REC-8d919c5b-2689,CUST-E8872F86AF,billing,EU
REC-8d919c5b-2690,CUST-BCCF8F835F,identity,US-CA
REC-8d919c5b-2691,CUST-71752DA62D,support,NG
REC-8d919c5b-2692,CUST-D03FBA4522,billing,EU
REC-8d919c5b-2693,CUST-463A8F99BF,identity,US-CA
REC-8d919c5b-2694,CUST-874D0BE943,support,NG
REC-8d919c5b-2695,CUST-A5B4EE3034,billing,EU
REC-8d919c5b-2696,CUST-D4E33D4431,identity,US-CA
REC-8d919c5b-2697,CUST-1502EF7E0A,support,NG
REC-8d919c5b-2698,CUST-C2526B91E2,billing,EU
REC-8d919c5b-2699,CUST-868A38AEF6,identity,US-CA
REC-8d919c5b-2700,CUST-E6D522E67B,support,NG
REC-8d919c5b-2701,CUST-0CC2890ACE,billing,EU
REC-8d919c5b-2702,CUST-7DE75D37C7,identity,US-CA
REC-8d919c5b-2703,CUST-6A1A41F6CD,support,NG
REC-8d919c5b-2704,CUST-7295D6DCAB,billing,EU
REC-8d919c5b-2705,CUST-B9FEB31062,identity,US-CA
REC-8d919c5b-2706,CUST-EB9A09BC79,support,NG
REC-8d919c5b-2707,CUST-6811E1CC76,billing,EU
REC-8d919c5b-2708,CUST-243267D4C6,identity,US-CA
REC-8d919c5b-2709,CUST-ABEC3AB8DB,support,NG
REC-8d919c5b-2710,CUST-4CB09264BA,billing,EU
REC-8d919c5b-2711,CUST-D96AB1695F,identity,US-CA
REC-8d919c5b-2712,CUST-D26785D29D,support,NG
REC-8d919c5b-2713,CUST-3973257F6A,billing,EU
REC-8d919c5b-2714,CUST-F1D378060F,identity,US-CA
REC-8d919c5b-2715,CUST-913E26DB31,support,NG
REC-8d919c5b-2716,CUST-38C32B7A91,billing,EU
REC-8d919c5b-2717,CUST-7517830EB9,identity,US-CA
REC-8d919c5b-2718,CUST-81E71F0D8F,support,NG
REC-8d919c5b-2719,CUST-65F1DC3DBF,billing,EU
REC-8d919c5b-2720,CUST-24B9E87B17,identity,US-CA
REC-8d919c5b-2721,CUST-CBB290B21B,support,NG
REC-8d919c5b-2722,CUST-D7EA2488C0,billing,EU
REC-8d919c5b-2723,CUST-F69F01C64A,identity,US-CA
REC-8d919c5b-2724,CUST-C41DF3BE3B,support,NG
REC-8d919c5b-2725,CUST-5826EEB16D,billing,EU
REC-8d919c5b-2726,CUST-5F236C8D66,identity,US-CA
REC-8d919c5b-2727,CUST-AE2BC5C21A,support,NG
REC-8d919c5b-2728,CUST-720DEA1CAA,billing,EU
REC-8d919c5b-2729,CUST-8376F8060C,identity,US-CA
REC-8d919c5b-2730,CUST-3BD873DCBD,support,NG
REC-8d919c5b-2731,CUST-7DE4028B87,billing,EU
REC-8d919c5b-2732,CUST-3C840879F8,identity,US-CA
REC-8d919c5b-2733,CUST-4540DCC8AF,support,NG
REC-8d919c5b-2734,CUST-199E64FBF4,billing,EU
REC-8d919c5b-2735,CUST-91C7277597,identity,US-CA
REC-8d919c5b-2736,CUST-D707D16470,support,NG
REC-8d919c5b-2737,CUST-4970D36AF8,billing,EU
REC-8d919c5b-2738,CUST-BB17F68F61,identity,US-CA
REC-8d919c5b-2739,CUST-F50E88E643,support,NG
REC-8d919c5b-2740,CUST-D5F8BE0748,billing,EU
REC-8d919c5b-2741,CUST-C220499593,identity,US-CA
REC-8d919c5b-2742,CUST-732E7BDE27,support,NG
REC-8d919c5b-2743,CUST-62CF37F4FC,billing,EU
REC-8d919c5b-2744,CUST-FCE303F90A,identity,US-CA
REC-8d919c5b-2745,CUST-68EC78C17D,support,NG
REC-8d919c5b-2746,CUST-32552AF722,billing,EU
REC-8d919c5b-2747,CUST-A8C569DAE9,identity,US-CA
REC-8d919c5b-2748,CUST-15E18988AF,support,NG
REC-8d919c5b-2749,CUST-5951908E59,billing,EU
REC-8d919c5b-2750,CUST-A1AFB1E713,identity,US-CA
REC-8d919c5b-2751,CUST-BCF52DCA8E,support,NG
REC-8d919c5b-2752,CUST-A0515DAD19,billing,EU
REC-8d919c5b-2753,CUST-225324BEC6,identity,US-CA
REC-8d919c5b-2754,CUST-C0A81B6EA1,support,NG
REC-8d919c5b-2755,CUST-2106D6F6C1,billing,EU
REC-8d919c5b-2756,CUST-4163DC1DC3,identity,US-CA
REC-8d919c5b-2757,CUST-7FA9603B39,support,NG
REC-8d919c5b-2758,CUST-2E3FCDEC61,billing,EU
REC-8d919c5b-2759,CUST-647623CA9E,identity,US-CA
REC-8d919c5b-2760,CUST-5A680F6562,support,NG
REC-8d919c5b-2761,CUST-F91C70FA57,billing,EU
REC-8d919c5b-2762,CUST-E8B6007323,identity,US-CA
REC-8d919c5b-2763,CUST-2202A017D6,support,NG
REC-8d919c5b-2764,CUST-E38FAA3D92,billing,EU
REC-8d919c5b-2765,CUST-CA814C671E,identity,US-CA
REC-8d919c5b-2766,CUST-CA935373FF,support,NG
REC-8d919c5b-2767,CUST-CF64A4CC7D,billing,EU
REC-8d919c5b-2768,CUST-9D0132A209,identity,US-CA
REC-8d919c5b-2769,CUST-37D18802B4,support,NG
REC-8d919c5b-2770,CUST-7481A3C726,billing,EU
REC-8d919c5b-2771,CUST-8AFBF1C0E3,identity,US-CA
REC-8d919c5b-2772,CUST-51C5EE9F0B,support,NG
REC-8d919c5b-2773,CUST-B32664DAA0,billing,EU
REC-8d919c5b-2774,CUST-7ABF1DBE79,identity,US-CA
REC-8d919c5b-2775,CUST-B94536E994,support,NG
REC-8d919c5b-2776,CUST-99F656A3F0,billing,EU
REC-8d919c5b-2777,CUST-8F652E732A,identity,US-CA
REC-8d919c5b-2778,CUST-46269FD813,support,NG
REC-8d919c5b-2779,CUST-53442FA67D,billing,EU
REC-8d919c5b-2780,CUST-07BE2F9E85,identity,US-CA
REC-8d919c5b-2781,CUST-CCB3FF16BC,support,NG
REC-8d919c5b-2782,CUST-3969065596,billing,EU
REC-8d919c5b-2783,CUST-CE3C8FDCC4,identity,US-CA
REC-8d919c5b-2784,CUST-70FA78C6D1,support,NG
REC-8d919c5b-2785,CUST-859F136DCC,billing,EU
REC-8d919c5b-2786,CUST-5B1ECED3A2,identity,US-CA
REC-8d919c5b-2787,CUST-B222D5B7D2,support,NG
REC-8d919c5b-2788,CUST-71830F022B,billing,EU
REC-8d919c5b-2789,CUST-52A298AEDF,identity,US-CA
REC-8d919c5b-2790,CUST-CC76C87B05,support,NG
REC-8d919c5b-2791,CUST-86E2EFFE45,billing,EU
REC-8d919c5b-2792,CUST-AD4F6DAD1C,identity,US-CA
REC-8d919c5b-2793,CUST-22826495DA,support,NG
REC-8d919c5b-2794,CUST-DC3F99FFE0,billing,EU
REC-8d919c5b-2795,CUST-7B84EE5861,identity,US-CA
REC-8d919c5b-2796,CUST-D9B16FDA24,support,NG
REC-8d919c5b-2797,CUST-40B765A377,billing,EU
REC-8d919c5b-2798,CUST-565A541623,identity,US-CA
REC-8d919c5b-2799,CUST-E46C5C13E5,support,NG
REC-8d919c5b-2800,CUST-D23D8DC6F5,billing,EU
REC-8d919c5b-2801,CUST-85895B3F17,identity,US-CA
REC-8d919c5b-2802,CUST-5796A15790,support,NG
REC-8d919c5b-2803,CUST-FA5FF3F712,billing,EU
REC-8d919c5b-2804,CUST-482E1B14FE,identity,US-CA
REC-8d919c5b-2805,CUST-D46819BC07,support,NG
REC-8d919c5b-2806,CUST-7F51044180,billing,EU
REC-8d919c5b-2807,CUST-A5CB1A3930,identity,US-CA
REC-8d919c5b-2808,CUST-84B8D924C8,support,NG
REC-8d919c5b-2809,CUST-4675C21D81,billing,EU
REC-8d919c5b-2810,CUST-7C643DF3FE,identity,US-CA
REC-8d919c5b-2811,CUST-B81CA4E11B,support,NG
REC-8d919c5b-2812,CUST-622BA60665,billing,EU
REC-8d919c5b-2813,CUST-1AC80BBBD2,identity,US-CA
REC-8d919c5b-2814,CUST-D38B6BC074,support,NG
REC-8d919c5b-2815,CUST-5F7030C974,billing,EU
REC-8d919c5b-2816,CUST-EC20F3F553,identity,US-CA
REC-8d919c5b-2817,CUST-EABAE6A90E,support,NG
REC-8d919c5b-2818,CUST-871BADF2AF,billing,EU
REC-8d919c5b-2819,CUST-6E4405CD28,identity,US-CA
REC-8d919c5b-2820,CUST-598D616378,support,NG
REC-8d919c5b-2821,CUST-863960D374,billing,EU
REC-8d919c5b-2822,CUST-50D4A097B9,identity,US-CA
REC-8d919c5b-2823,CUST-9E47A27B34,support,NG
REC-8d919c5b-2824,CUST-35EDF6009E,billing,EU
REC-8d919c5b-2825,CUST-C24BC02B2F,identity,US-CA
REC-8d919c5b-2826,CUST-682DC5A1B7,support,NG
REC-8d919c5b-2827,CUST-D2F34EDFED,billing,EU
REC-8d919c5b-2828,CUST-9242785775,identity,US-CA
REC-8d919c5b-2829,CUST-8CAC6A34A7,support,NG
REC-8d919c5b-2830,CUST-444B9D5B54,billing,EU
REC-8d919c5b-2831,CUST-4C51C51082,identity,US-CA
REC-8d919c5b-2832,CUST-D1D63A52CB,support,NG
REC-8d919c5b-2833,CUST-CED4A7E45F,billing,EU
REC-8d919c5b-2834,CUST-48FFF5910C,identity,US-CA
REC-8d919c5b-2835,CUST-F1302E2C7D,support,NG
REC-8d919c5b-2836,CUST-4B16AF1238,billing,EU
REC-8d919c5b-2837,CUST-9554D54580,identity,US-CA
REC-8d919c5b-2838,CUST-990ED3DBAB,support,NG
REC-8d919c5b-2839,CUST-5A62F862F9,billing,EU
REC-8d919c5b-2840,CUST-859731AABA,identity,US-CA
REC-8d919c5b-2841,CUST-8E19C510C5,support,NG
REC-8d919c5b-2842,CUST-C0BE45C5D4,billing,EU
REC-8d919c5b-2843,CUST-73AA850048,identity,US-CA
REC-8d919c5b-2844,CUST-50044983CE,support,NG
REC-8d919c5b-2845,CUST-D820F32818,billing,EU
REC-8d919c5b-2846,CUST-2477788B92,identity,US-CA
REC-8d919c5b-2847,CUST-893B12890B,support,NG
REC-8d919c5b-2848,CUST-98DF5CA329,billing,EU
REC-8d919c5b-2849,CUST-9D7B8D54D6,identity,US-CA
REC-8d919c5b-2850,CUST-D8BC109694,support,NG
REC-8d919c5b-2851,CUST-88EFCBBF53,billing,EU
REC-8d919c5b-2852,CUST-F0265E7CBE,identity,US-CA
REC-8d919c5b-2853,CUST-D687808AB2,support,NG
REC-8d919c5b-2854,CUST-4FCF10BA79,billing,EU
REC-8d919c5b-2855,CUST-9F047A757F,identity,US-CA
REC-8d919c5b-2856,CUST-8E5FF75B2D,support,NG
REC-8d919c5b-2857,CUST-2D30B72F3A,billing,EU
REC-8d919c5b-2858,CUST-1BCD8AA699,identity,US-CA
REC-8d919c5b-2859,CUST-CE14209A78,support,NG
REC-8d919c5b-2860,CUST-1562130D0F,billing,EU
REC-8d919c5b-2861,CUST-7CEDDEDA43,identity,US-CA
REC-8d919c5b-2862,CUST-24BF8757E1,support,NG
REC-8d919c5b-2863,CUST-0A2D2B14FF,billing,EU
REC-8d919c5b-2864,CUST-59E8530967,identity,US-CA
REC-8d919c5b-2865,CUST-4FAE428E7F,support,NG
REC-8d919c5b-2866,CUST-7F77F3F9FC,billing,EU
REC-8d919c5b-2867,CUST-C3EA238476,identity,US-CA
REC-8d919c5b-2868,CUST-438AEA8746,support,NG
REC-8d919c5b-2869,CUST-52D0F97469,billing,EU
REC-8d919c5b-2870,CUST-210AF8F360,identity,US-CA
REC-8d919c5b-2871,CUST-4329B76D68,support,NG
REC-8d919c5b-2872,CUST-E75E9A3E0B,billing,EU
REC-8d919c5b-2873,CUST-51D7FD8F45,identity,US-CA
REC-8d919c5b-2874,CUST-64A6097109,support,NG
REC-8d919c5b-2875,CUST-E6EE37388E,billing,EU
REC-8d919c5b-2876,CUST-AD26B99828,identity,US-CA
REC-8d919c5b-2877,CUST-679F286BC5,support,NG
REC-8d919c5b-2878,CUST-DEC24CF15F,billing,EU
REC-8d919c5b-2879,CUST-A255D9DEC5,identity,US-CA
REC-8d919c5b-2880,CUST-637480FEAA,support,NG
REC-8d919c5b-2881,CUST-0FC61BBD2D,billing,EU
REC-8d919c5b-2882,CUST-495A54A9F8,identity,US-CA
REC-8d919c5b-2883,CUST-BE443EFA11,support,NG
REC-8d919c5b-2884,CUST-1D47695E7D,billing,EU
REC-8d919c5b-2885,CUST-21279A7E22,identity,US-CA
REC-8d919c5b-2886,CUST-1E45DE730C,support,NG
REC-8d919c5b-2887,CUST-AA1A48D400,billing,EU
REC-8d919c5b-2888,CUST-F09C0DBAA2,identity,US-CA
REC-8d919c5b-2889,CUST-BC16DAAC45,support,NG
REC-8d919c5b-2890,CUST-4B205742CE,billing,EU
REC-8d919c5b-2891,CUST-197F35667D,identity,US-CA
REC-8d919c5b-2892,CUST-AF166C15EA,support,NG
REC-8d919c5b-2893,CUST-1DF7149A59,billing,EU
REC-8d919c5b-2894,CUST-683EF882AD,identity,US-CA
REC-8d919c5b-2895,CUST-7035FB5A66,support,NG
REC-8d919c5b-2896,CUST-947B7F77C4,billing,EU
REC-8d919c5b-2897,CUST-4687F5E543,identity,US-CA
REC-8d919c5b-2898,CUST-4ABAFF55A1,support,NG
REC-8d919c5b-2899,CUST-9170326C84,billing,EU
REC-8d919c5b-2900,CUST-350702A93B,identity,US-CA
REC-8d919c5b-2901,CUST-534CA6E9F8,support,NG
REC-8d919c5b-2902,CUST-B78FDF4921,billing,EU
REC-8d919c5b-2903,CUST-51CAA0DEC6,identity,US-CA
REC-8d919c5b-2904,CUST-58826DB5C6,support,NG
REC-8d919c5b-2905,CUST-69D5A7F9CB,billing,EU
REC-8d919c5b-2906,CUST-C5B2BEC40C,identity,US-CA
REC-8d919c5b-2907,CUST-D3FEDC6C12,support,NG
REC-8d919c5b-2908,CUST-77BB12DB77,billing,EU
REC-8d919c5b-2909,CUST-28A20B6AE2,identity,US-CA
REC-8d919c5b-2910,CUST-4505CD4A67,support,NG
REC-8d919c5b-2911,CUST-B87BE1772E,billing,EU
REC-8d919c5b-2912,CUST-EAE479FE77,identity,US-CA
REC-8d919c5b-2913,CUST-28656D0439,support,NG
REC-8d919c5b-2914,CUST-04B77A0FAF,billing,EU
REC-8d919c5b-2915,CUST-5E6A20F6CC,identity,US-CA
REC-8d919c5b-2916,CUST-BAC90DA5C6,support,NG
REC-8d919c5b-2917,CUST-EBBFC550A3,billing,EU
REC-8d919c5b-2918,CUST-FAC7360330,identity,US-CA
REC-8d919c5b-2919,CUST-1FBD59A745,support,NG
REC-8d919c5b-2920,CUST-1E27006B6C,billing,EU
REC-8d919c5b-2921,CUST-E364B01588,identity,US-CA
REC-8d919c5b-2922,CUST-A9A0370EAC,support,NG
REC-8d919c5b-2923,CUST-96E8F278A6,billing,EU
REC-8d919c5b-2924,CUST-4D4F1C73D0,identity,US-CA
REC-8d919c5b-2925,CUST-9FAF52A78F,support,NG
REC-8d919c5b-2926,CUST-56323D4F76,billing,EU
REC-8d919c5b-2927,CUST-702EE534E3,identity,US-CA
REC-8d919c5b-2928,CUST-3CD4AEF133,support,NG
REC-8d919c5b-2929,CUST-622CE6E910,billing,EU
REC-8d919c5b-2930,CUST-19864E9CFA,identity,US-CA
REC-8d919c5b-2931,CUST-64834B4BE2,support,NG
REC-8d919c5b-2932,CUST-4B6948BFDC,billing,EU
REC-8d919c5b-2933,CUST-3F7D32EFCD,identity,US-CA
REC-8d919c5b-2934,CUST-6974E51531,support,NG
REC-8d919c5b-2935,CUST-261F33F6F5,billing,EU
REC-8d919c5b-2936,CUST-C3E06F913F,identity,US-CA
REC-8d919c5b-2937,CUST-84B2320C7C,support,NG
REC-8d919c5b-2938,CUST-9A7CD3F832,billing,EU
REC-8d919c5b-2939,CUST-8B9265163C,identity,US-CA
REC-8d919c5b-2940,CUST-6108926DA9,support,NG
REC-8d919c5b-2941,CUST-001C12F9BA,billing,EU
REC-8d919c5b-2942,CUST-4A5DD2CF77,identity,US-CA
REC-8d919c5b-2943,CUST-51B2932B95,support,NG
REC-8d919c5b-2944,CUST-9EE00889CD,billing,EU
REC-8d919c5b-2945,CUST-E1D18A36E8,identity,US-CA
REC-8d919c5b-2946,CUST-5DCE3FC599,support,NG
REC-8d919c5b-2947,CUST-BAFB743740,billing,EU
REC-8d919c5b-2948,CUST-EB66342662,identity,US-CA
REC-8d919c5b-2949,CUST-7B459D30BC,support,NG
REC-8d919c5b-2950,CUST-02F9963DEA,billing,EU
REC-8d919c5b-2951,CUST-E45CEE65F5,identity,US-CA
REC-8d919c5b-2952,CUST-34FAAE5834,support,NG
REC-8d919c5b-2953,CUST-E6C5327865,billing,EU
REC-8d919c5b-2954,CUST-C9D764A830,identity,US-CA
REC-8d919c5b-2955,CUST-C5A0B3DCB4,support,NG
REC-8d919c5b-2956,CUST-1A27E2899D,billing,EU
REC-8d919c5b-2957,CUST-D677C14F7E,identity,US-CA
REC-8d919c5b-2958,CUST-4BC7546F76,support,NG
REC-8d919c5b-2959,CUST-312CBD7276,billing,EU
REC-8d919c5b-2960,CUST-5B9DC4F891,identity,US-CA
REC-8d919c5b-2961,CUST-081DB68EC8,support,NG
REC-8d919c5b-2962,CUST-BA2E25FDC7,billing,EU
REC-8d919c5b-2963,CUST-E4CFB192B9,identity,US-CA
REC-8d919c5b-2964,CUST-E0D4C99701,support,NG
REC-8d919c5b-2965,CUST-F448ED7753,billing,EU
REC-8d919c5b-2966,CUST-84C954579E,identity,US-CA
REC-8d919c5b-2967,CUST-0C49742CE0,support,NG
REC-8d919c5b-2968,CUST-9335F3EF56,billing,EU
REC-8d919c5b-2969,CUST-0211501DE2,identity,US-CA
REC-8d919c5b-2970,CUST-C8D799310B,support,NG
REC-8d919c5b-2971,CUST-525011CAF9,billing,EU
REC-8d919c5b-2972,CUST-A2A5A9B714,identity,US-CA
REC-8d919c5b-2973,CUST-82BB8DA22A,support,NG
REC-8d919c5b-2974,CUST-ECF05493E4,billing,EU
REC-8d919c5b-2975,CUST-A889B04EE7,identity,US-CA
REC-8d919c5b-2976,CUST-D09832744E,support,NG
REC-8d919c5b-2977,CUST-CC3E1FEFCB,billing,EU
REC-8d919c5b-2978,CUST-975A53BBC9,identity,US-CA
REC-8d919c5b-2979,CUST-1A9E919AC2,support,NG
REC-8d919c5b-2980,CUST-BC335FCE31,billing,EU
REC-8d919c5b-2981,CUST-8E1EFBF9BA,identity,US-CA
REC-8d919c5b-2982,CUST-C5094B4046,support,NG
REC-8d919c5b-2983,CUST-EA565E0799,billing,EU
REC-8d919c5b-2984,CUST-1669D73E5B,identity,US-CA
REC-8d919c5b-2985,CUST-9521A98F5F,support,NG
REC-8d919c5b-2986,CUST-B7C73080BF,billing,EU
REC-8d919c5b-2987,CUST-0F621C9999,identity,US-CA
REC-8d919c5b-2988,CUST-F00F56EDA6,support,NG
REC-8d919c5b-2989,CUST-36E1DFA906,billing,EU
REC-8d919c5b-2990,CUST-D22A743B5F,identity,US-CA
REC-8d919c5b-2991,CUST-1A32AF1A26,support,NG
REC-8d919c5b-2992,CUST-904D36FBFC,billing,EU
REC-8d919c5b-2993,CUST-09E0FB5657,identity,US-CA
REC-8d919c5b-2994,CUST-D33E502ACC,support,NG
REC-8d919c5b-2995,CUST-3509082D3E,billing,EU
REC-8d919c5b-2996,CUST-23E005868B,identity,US-CA
REC-8d919c5b-2997,CUST-F4EDA87879,support,NG
REC-8d919c5b-2998,CUST-3CB009498C,billing,EU
REC-8d919c5b-2999,CUST-1532BE5A09,identity,US-CA
REC-8d919c5b-3000,CUST-8EB1CFB773,support,NG
REC-8d919c5b-3001,CUST-168390041D,billing,EU
REC-8d919c5b-3002,CUST-98C3567873,identity,US-CA
REC-8d919c5b-3003,CUST-834EFAA676,support,NG
REC-8d919c5b-3004,CUST-C3FC230740,billing,EU
REC-8d919c5b-3005,CUST-566FC55349,identity,US-CA
REC-8d919c5b-3006,CUST-33B68E6AB4,support,NG
REC-8d919c5b-3007,CUST-7AE3322FF1,billing,EU
REC-8d919c5b-3008,CUST-4C0C291153,identity,US-CA
REC-8d919c5b-3009,CUST-E8F46682F4,support,NG
REC-8d919c5b-3010,CUST-56CA3EDC65,billing,EU
REC-8d919c5b-3011,CUST-853AD037CF,identity,US-CA
REC-8d919c5b-3012,CUST-F3CB698AB8,support,NG
REC-8d919c5b-3013,CUST-234F394A5F,billing,EU
REC-8d919c5b-3014,CUST-3479AFC866,identity,US-CA
REC-8d919c5b-3015,CUST-2230F45F79,support,NG
REC-8d919c5b-3016,CUST-01C8DE74B6,billing,EU
REC-8d919c5b-3017,CUST-B80842B8D9,identity,US-CA
REC-8d919c5b-3018,CUST-5243FC6910,support,NG
REC-8d919c5b-3019,CUST-04A88CA7E5,billing,EU
REC-8d919c5b-3020,CUST-F85358C0BF,identity,US-CA
REC-8d919c5b-3021,CUST-854D74BE1D,support,NG
REC-8d919c5b-3022,CUST-6D12F4D6B6,billing,EU
REC-8d919c5b-3023,CUST-A47F3F94F6,identity,US-CA
REC-8d919c5b-3024,CUST-9C879257D4,support,NG
REC-8d919c5b-3025,CUST-B77EFCE725,billing,EU
REC-8d919c5b-3026,CUST-6CF12F356A,identity,US-CA
REC-8d919c5b-3027,CUST-C92620089C,support,NG
REC-8d919c5b-3028,CUST-395F633D3C,billing,EU
REC-8d919c5b-3029,CUST-95B60BC1B9,identity,US-CA
REC-8d919c5b-3030,CUST-D28B87CDB3,support,NG
REC-8d919c5b-3031,CUST-C47A53D3B9,billing,EU
REC-8d919c5b-3032,CUST-67ABAE6FB1,identity,US-CA
REC-8d919c5b-3033,CUST-DDD7322249,support,NG
REC-8d919c5b-3034,CUST-BAE775F430,billing,EU
REC-8d919c5b-3035,CUST-E7218BD5DC,identity,US-CA
REC-8d919c5b-3036,CUST-6CD8D8ECE8,support,NG
REC-8d919c5b-3037,CUST-AAD4F5E6E7,billing,EU
REC-8d919c5b-3038,CUST-F586AF63D6,identity,US-CA
REC-8d919c5b-3039,CUST-577760C02E,support,NG
REC-8d919c5b-3040,CUST-901E3DD7FF,billing,EU
REC-8d919c5b-3041,CUST-EEA27A503E,identity,US-CA
REC-8d919c5b-3042,CUST-AF48F3182F,support,NG
REC-8d919c5b-3043,CUST-1619C0AE97,billing,EU
REC-8d919c5b-3044,CUST-99E382613D,identity,US-CA
REC-8d919c5b-3045,CUST-5BD6879937,support,NG
REC-8d919c5b-3046,CUST-BAEF52002E,billing,EU
REC-8d919c5b-3047,CUST-188FDC6457,identity,US-CA
REC-8d919c5b-3048,CUST-2434DA6E55,support,NG
REC-8d919c5b-3049,CUST-D6D6017ED8,billing,EU
REC-8d919c5b-3050,CUST-0A208338EE,identity,US-CA
REC-8d919c5b-3051,CUST-90B8787D83,support,NG
REC-8d919c5b-3052,CUST-40801BE3F5,billing,EU
REC-8d919c5b-3053,CUST-80DC106DE9,identity,US-CA
REC-8d919c5b-3054,CUST-7E4B970D6E,support,NG
REC-8d919c5b-3055,CUST-D562DF4D54,billing,EU
REC-8d919c5b-3056,CUST-6670862A34,identity,US-CA
REC-8d919c5b-3057,CUST-DC06681425,support,NG
REC-8d919c5b-3058,CUST-FC28CE68F6,billing,EU
REC-8d919c5b-3059,CUST-58EDB613CA,identity,US-CA
REC-8d919c5b-3060,CUST-A12F04F4E4,support,NG
REC-8d919c5b-3061,CUST-11996159C4,billing,EU
REC-8d919c5b-3062,CUST-33A36AB630,identity,US-CA
REC-8d919c5b-3063,CUST-C26A837DC9,support,NG
REC-8d919c5b-3064,CUST-DED2F2F296,billing,EU
REC-8d919c5b-3065,CUST-143074B9E4,identity,US-CA
REC-8d919c5b-3066,CUST-08547A92B1,support,NG
REC-8d919c5b-3067,CUST-625FF80C5A,billing,EU
REC-8d919c5b-3068,CUST-22CE1DD367,identity,US-CA
REC-8d919c5b-3069,CUST-606BD6D6D5,support,NG
REC-8d919c5b-3070,CUST-0D0386E0E3,billing,EU
REC-8d919c5b-3071,CUST-55F5F0DC77,identity,US-CA
REC-8d919c5b-3072,CUST-6250317C8C,support,NG
REC-8d919c5b-3073,CUST-8B76E8F018,billing,EU
REC-8d919c5b-3074,CUST-20F2EB7DCE,identity,US-CA
REC-8d919c5b-3075,CUST-440668C203,support,NG
REC-8d919c5b-3076,CUST-A4704EC110,billing,EU
REC-8d919c5b-3077,CUST-66143D59F1,identity,US-CA
REC-8d919c5b-3078,CUST-339205CFD6,support,NG
REC-8d919c5b-3079,CUST-9CD5545E74,billing,EU
REC-8d919c5b-3080,CUST-924759C6B5,identity,US-CA
REC-8d919c5b-3081,CUST-F2C8B78EC2,support,NG
REC-8d919c5b-3082,CUST-2E902989EC,billing,EU
REC-8d919c5b-3083,CUST-4DE26169E2,identity,US-CA
REC-8d919c5b-3084,CUST-227C9EA5BD,support,NG
REC-8d919c5b-3085,CUST-21755203ED,billing,EU
REC-8d919c5b-3086,CUST-0CD7787C12,identity,US-CA
REC-8d919c5b-3087,CUST-208082D2CA,support,NG
REC-8d919c5b-3088,CUST-E0CCF5FB42,billing,EU
REC-8d919c5b-3089,CUST-3727003CF0,identity,US-CA
REC-8d919c5b-3090,CUST-A3D16740E5,support,NG
REC-8d919c5b-3091,CUST-797B6EE250,billing,EU
REC-8d919c5b-3092,CUST-C82479D392,identity,US-CA
REC-8d919c5b-3093,CUST-531C3BD4ED,support,NG
REC-8d919c5b-3094,CUST-BB1360BF1A,billing,EU
REC-8d919c5b-3095,CUST-3C3C53D177,identity,US-CA
REC-8d919c5b-3096,CUST-A8099F0A6C,support,NG
REC-8d919c5b-3097,CUST-DB0B2B1B12,billing,EU
REC-8d919c5b-3098,CUST-629C5BEFCE,identity,US-CA
REC-8d919c5b-3099,CUST-5BA60AA15B,support,NG
REC-8d919c5b-3100,CUST-B8EB30EA7E,billing,EU
REC-8d919c5b-3101,CUST-A670799129,identity,US-CA
REC-8d919c5b-3102,CUST-5FC8C8150F,support,NG
REC-8d919c5b-3103,CUST-5F2D5A5FB2,billing,EU
REC-8d919c5b-3104,CUST-25C6BF3ABC,identity,US-CA
REC-8d919c5b-3105,CUST-B05C2234CD,support,NG
REC-8d919c5b-3106,CUST-A7625FFD27,billing,EU
REC-8d919c5b-3107,CUST-66D4BFD22F,identity,US-CA
REC-8d919c5b-3108,CUST-260AC4932B,support,NG
REC-8d919c5b-3109,CUST-98E317185E,billing,EU
REC-8d919c5b-3110,CUST-7DF83BE602,identity,US-CA
REC-8d919c5b-3111,CUST-0A50CC18E4,support,NG
REC-8d919c5b-3112,CUST-6A17323741,billing,EU
REC-8d919c5b-3113,CUST-CBF8F66C91,identity,US-CA
REC-8d919c5b-3114,CUST-1722DA5E9E,support,NG
REC-8d919c5b-3115,CUST-919AAF7311,billing,EU
REC-8d919c5b-3116,CUST-805B38CD47,identity,US-CA
REC-8d919c5b-3117,CUST-60CA917D32,support,NG
REC-8d919c5b-3118,CUST-AA68E0AF53,billing,EU
REC-8d919c5b-3119,CUST-94DDB27E47,identity,US-CA
REC-8d919c5b-3120,CUST-9F2273BCB9,support,NG
REC-8d919c5b-3121,CUST-4386D9F808,billing,EU
REC-8d919c5b-3122,CUST-FFB3A3A7C0,identity,US-CA
REC-8d919c5b-3123,CUST-1310D99B20,support,NG
REC-8d919c5b-3124,CUST-E90981A644,billing,EU
REC-8d919c5b-3125,CUST-4E97DFB2A0,identity,US-CA
REC-8d919c5b-3126,CUST-2ED1FBC9D7,support,NG
REC-8d919c5b-3127,CUST-61CFB563E5,billing,EU
REC-8d919c5b-3128,CUST-D5FAAAFB6A,identity,US-CA
REC-8d919c5b-3129,CUST-430CEA3449,support,NG
REC-8d919c5b-3130,CUST-DE0DDD3988,billing,EU
REC-8d919c5b-3131,CUST-FDFD893407,identity,US-CA
REC-8d919c5b-3132,CUST-8D53310A37,support,NG
REC-8d919c5b-3133,CUST-265ECE93B7,billing,EU
REC-8d919c5b-3134,CUST-593F6B3F04,identity,US-CA
REC-8d919c5b-3135,CUST-590B11BE54,support,NG
REC-8d919c5b-3136,CUST-70756C596D,billing,EU
REC-8d919c5b-3137,CUST-AFD070CCF9,identity,US-CA
REC-8d919c5b-3138,CUST-B1E316BB9A,support,NG
REC-8d919c5b-3139,CUST-5A2B3B557B,billing,EU
REC-8d919c5b-3140,CUST-4A668D4F69,identity,US-CA
REC-8d919c5b-3141,CUST-894A5973FF,support,NG
REC-8d919c5b-3142,CUST-59A0F5FF3D,billing,EU
REC-8d919c5b-3143,CUST-A8CDB4DCF7,identity,US-CA
REC-8d919c5b-3144,CUST-07091C5589,support,NG
REC-8d919c5b-3145,CUST-270EF7B168,billing,EU
REC-8d919c5b-3146,CUST-A4E8BCCE2D,identity,US-CA
REC-8d919c5b-3147,CUST-BFC38647C4,support,NG
REC-8d919c5b-3148,CUST-B59E8166A7,billing,EU
REC-8d919c5b-3149,CUST-3D8A535E9B,identity,US-CA
REC-8d919c5b-3150,CUST-47F87C42F4,support,NG
REC-8d919c5b-3151,CUST-BE9D8DD060,billing,EU
REC-8d919c5b-3152,CUST-854106309D,identity,US-CA
REC-8d919c5b-3153,CUST-CCF257A0B0,support,NG
REC-8d919c5b-3154,CUST-DDE95C7BB3,billing,EU
REC-8d919c5b-3155,CUST-3F7B61562A,identity,US-CA
REC-8d919c5b-3156,CUST-2B972F090B,support,NG
REC-8d919c5b-3157,CUST-38427B65E1,billing,EU
REC-8d919c5b-3158,CUST-ED55DF13EC,identity,US-CA
REC-8d919c5b-3159,CUST-2CCF8515E2,support,NG
REC-8d919c5b-3160,CUST-07009FC8AC,billing,EU
REC-8d919c5b-3161,CUST-1C108E4146,identity,US-CA
REC-8d919c5b-3162,CUST-E815472AEF,support,NG
REC-8d919c5b-3163,CUST-F44CB44E15,billing,EU
REC-8d919c5b-3164,CUST-1442F9AA1E,identity,US-CA
REC-8d919c5b-3165,CUST-0DBB408FC5,support,NG
REC-8d919c5b-3166,CUST-0DD13D37DF,billing,EU
REC-8d919c5b-3167,CUST-9D4DEE6A57,identity,US-CA
REC-8d919c5b-3168,CUST-0E56128F53,support,NG
REC-8d919c5b-3169,CUST-5F31883B80,billing,EU
REC-8d919c5b-3170,CUST-5041228C1A,identity,US-CA
REC-8d919c5b-3171,CUST-DCA8F3052B,support,NG
REC-8d919c5b-3172,CUST-56C4297489,billing,EU
REC-8d919c5b-3173,CUST-EDE1C1816C,identity,US-CA
REC-8d919c5b-3174,CUST-BF1ADDBED9,support,NG
REC-8d919c5b-3175,CUST-25991862F6,billing,EU
REC-8d919c5b-3176,CUST-289915350F,identity,US-CA
REC-8d919c5b-3177,CUST-9DFB0FDFAF,support,NG
REC-8d919c5b-3178,CUST-07378159D4,billing,EU
REC-8d919c5b-3179,CUST-C58F84DE25,identity,US-CA
REC-8d919c5b-3180,CUST-23025A7006,support,NG
REC-8d919c5b-3181,CUST-EA3D59AEE9,billing,EU
REC-8d919c5b-3182,CUST-18C7F8091F,identity,US-CA
REC-8d919c5b-3183,CUST-38059AB09B,support,NG
REC-8d919c5b-3184,CUST-0C3C8951D2,billing,EU
REC-8d919c5b-3185,CUST-37B3A6312E,identity,US-CA
REC-8d919c5b-3186,CUST-6B6F1C6E2C,support,NG
REC-8d919c5b-3187,CUST-C850A54BBF,billing,EU
REC-8d919c5b-3188,CUST-24A9AE0E68,identity,US-CA
REC-8d919c5b-3189,CUST-E9AD5F1714,support,NG
REC-8d919c5b-3190,CUST-BDB0B67FD1,billing,EU
REC-8d919c5b-3191,CUST-3CF2F97FC1,identity,US-CA
REC-8d919c5b-3192,CUST-546EC93C81,support,NG
REC-8d919c5b-3193,CUST-4CF0037593,billing,EU
REC-8d919c5b-3194,CUST-4F072AAA94,identity,US-CA
REC-8d919c5b-3195,CUST-ED3E8B15BA,support,NG
REC-8d919c5b-3196,CUST-3991537D4E,billing,EU
REC-8d919c5b-3197,CUST-51A813B254,identity,US-CA
REC-8d919c5b-3198,CUST-4744AA27E5,support,NG
REC-8d919c5b-3199,CUST-64904B31A6,billing,EU
REC-8d919c5b-3200,CUST-E546741566,identity,US-CA
REC-8d919c5b-3201,CUST-A7D38CEEE8,support,NG
REC-8d919c5b-3202,CUST-5358740B70,billing,EU
REC-8d919c5b-3203,CUST-C7B0593AB9,identity,US-CA
REC-8d919c5b-3204,CUST-4E7F88253C,support,NG
REC-8d919c5b-3205,CUST-6ED14FA332,billing,EU
REC-8d919c5b-3206,CUST-7C4310A494,identity,US-CA
REC-8d919c5b-3207,CUST-ED31F41C00,support,NG
REC-8d919c5b-3208,CUST-A155C5B4D0,billing,EU
REC-8d919c5b-3209,CUST-98FB65AD40,identity,US-CA
REC-8d919c5b-3210,CUST-D6A3235A8B,support,NG
REC-8d919c5b-3211,CUST-07C267E00F,billing,EU
REC-8d919c5b-3212,CUST-9345A48EEC,identity,US-CA
REC-8d919c5b-3213,CUST-B654752CB8,support,NG
REC-8d919c5b-3214,CUST-050CFA46FC,billing,EU
REC-8d919c5b-3215,CUST-2303A1C2FA,identity,US-CA
REC-8d919c5b-3216,CUST-9BF2EDA128,support,NG
REC-8d919c5b-3217,CUST-B5DC556DF2,billing,EU
REC-8d919c5b-3218,CUST-297726CE60,identity,US-CA
REC-8d919c5b-3219,CUST-D99F85B817,support,NG
REC-8d919c5b-3220,CUST-8BAFAAED63,billing,EU
REC-8d919c5b-3221,CUST-FA36698518,identity,US-CA
REC-8d919c5b-3222,CUST-64C3E5C408,support,NG
REC-8d919c5b-3223,CUST-88ABAFFB22,billing,EU
REC-8d919c5b-3224,CUST-558FC56EBB,identity,US-CA
REC-8d919c5b-3225,CUST-8CC8375DAB,support,NG
REC-8d919c5b-3226,CUST-A876A8244C,billing,EU
REC-8d919c5b-3227,CUST-319178269B,identity,US-CA
REC-8d919c5b-3228,CUST-760687A824,support,NG
REC-8d919c5b-3229,CUST-57924C6804,billing,EU
REC-8d919c5b-3230,CUST-6C6E37146C,identity,US-CA
REC-8d919c5b-3231,CUST-D8E40DBB4D,support,NG
REC-8d919c5b-3232,CUST-DFB7A94A16,billing,EU
REC-8d919c5b-3233,CUST-195DD90227,identity,US-CA
REC-8d919c5b-3234,CUST-582E53422D,support,NG
REC-8d919c5b-3235,CUST-3E10D819E0,billing,EU
REC-8d919c5b-3236,CUST-98595054C6,identity,US-CA
REC-8d919c5b-3237,CUST-18F5BFABBA,support,NG
REC-8d919c5b-3238,CUST-2935F686B6,billing,EU
REC-8d919c5b-3239,CUST-DA94825BA6,identity,US-CA
REC-8d919c5b-3240,CUST-EFB1E3F14A,support,NG
REC-8d919c5b-3241,CUST-CCF3DE723E,billing,EU
REC-8d919c5b-3242,CUST-B7B5611D15,identity,US-CA
REC-8d919c5b-3243,CUST-04C71A2769,support,NG
REC-8d919c5b-3244,CUST-8AAD4E30AE,billing,EU
REC-8d919c5b-3245,CUST-4984E72174,identity,US-CA
REC-8d919c5b-3246,CUST-CCEB2DA1DF,support,NG
REC-8d919c5b-3247,CUST-633C605D33,billing,EU
REC-8d919c5b-3248,CUST-C78BFFF23B,identity,US-CA
REC-8d919c5b-3249,CUST-14D14DE26D,support,NG
REC-8d919c5b-3250,CUST-F57300AA40,billing,EU
REC-8d919c5b-3251,CUST-63EC396FFE,identity,US-CA
REC-8d919c5b-3252,CUST-401AE0D58E,support,NG
REC-8d919c5b-3253,CUST-B2B59FFE8F,billing,EU
REC-8d919c5b-3254,CUST-17A9F6FE7A,identity,US-CA
REC-8d919c5b-3255,CUST-5767ABB9BA,support,NG
REC-8d919c5b-3256,CUST-B0EC2939CD,billing,EU
REC-8d919c5b-3257,CUST-FAE372BC4C,identity,US-CA
REC-8d919c5b-3258,CUST-01802FF519,support,NG
REC-8d919c5b-3259,CUST-4F277F19D2,billing,EU
REC-8d919c5b-3260,CUST-CCF763AC13,identity,US-CA
REC-8d919c5b-3261,CUST-C5B3EAA247,support,NG
REC-8d919c5b-3262,CUST-49B92CFA43,billing,EU
REC-8d919c5b-3263,CUST-4F89EEDB3B,identity,US-CA
REC-8d919c5b-3264,CUST-B462CBE7AB,support,NG
REC-8d919c5b-3265,CUST-D387E2CD51,billing,EU
REC-8d919c5b-3266,CUST-4A9D3697AD,identity,US-CA
REC-8d919c5b-3267,CUST-19E92D36EE,support,NG
REC-8d919c5b-3268,CUST-E34431E115,billing,EU
REC-8d919c5b-3269,CUST-115BC1D1BF,identity,US-CA
REC-8d919c5b-3270,CUST-EFE769C3B7,support,NG
REC-8d919c5b-3271,CUST-3F4D59F720,billing,EU
REC-8d919c5b-3272,CUST-8377FE4C03,identity,US-CA
REC-8d919c5b-3273,CUST-1F87EF9593,support,NG
REC-8d919c5b-3274,CUST-72B7FA429A,billing,EU
REC-8d919c5b-3275,CUST-7FA2E58BE7,identity,US-CA
REC-8d919c5b-3276,CUST-71524C30E5,support,NG
REC-8d919c5b-3277,CUST-11B5B0FCCF,billing,EU
REC-8d919c5b-3278,CUST-09A32C147B,identity,US-CA
REC-8d919c5b-3279,CUST-6EDC206D60,support,NG
REC-8d919c5b-3280,CUST-CEC756E06D,billing,EU
REC-8d919c5b-3281,CUST-CE42E3A482,identity,US-CA
REC-8d919c5b-3282,CUST-718D037DB0,support,NG
REC-8d919c5b-3283,CUST-5C47A4A6F3,billing,EU
REC-8d919c5b-3284,CUST-562EE160F8,identity,US-CA
REC-8d919c5b-3285,CUST-841D38E898,support,NG
REC-8d919c5b-3286,CUST-B51F1A348C,billing,EU
REC-8d919c5b-3287,CUST-F312426A2E,identity,US-CA
REC-8d919c5b-3288,CUST-82F0CE6BD7,support,NG
REC-8d919c5b-3289,CUST-745B803C9F,billing,EU
REC-8d919c5b-3290,CUST-7A216C85FD,identity,US-CA
REC-8d919c5b-3291,CUST-2DF89A39D1,support,NG
REC-8d919c5b-3292,CUST-656F5CFA0C,billing,EU
REC-8d919c5b-3293,CUST-FBF32DBAAC,identity,US-CA
REC-8d919c5b-3294,CUST-DF5D3F35A7,support,NG
REC-8d919c5b-3295,CUST-D209A40534,billing,EU
REC-8d919c5b-3296,CUST-B1971716E9,identity,US-CA
REC-8d919c5b-3297,CUST-313A48E36F,support,NG
REC-8d919c5b-3298,CUST-F2E5AFB0EE,billing,EU
REC-8d919c5b-3299,CUST-60B909FF4E,identity,US-CA
REC-8d919c5b-3300,CUST-1FEA34AAE7,support,NG
REC-8d919c5b-3301,CUST-A21413A0FC,billing,EU
REC-8d919c5b-3302,CUST-D7FB138B22,identity,US-CA
REC-8d919c5b-3303,CUST-DDF4F29B57,support,NG
REC-8d919c5b-3304,CUST-286001F2F1,billing,EU
REC-8d919c5b-3305,CUST-8A1996626E,identity,US-CA
REC-8d919c5b-3306,CUST-D1016456A3,support,NG
REC-8d919c5b-3307,CUST-BDCA5A6F95,billing,EU
REC-8d919c5b-3308,CUST-67341DA620,identity,US-CA
REC-8d919c5b-3309,CUST-7304101D46,support,NG
REC-8d919c5b-3310,CUST-DA278AADD4,billing,EU
REC-8d919c5b-3311,CUST-014598D699,identity,US-CA
REC-8d919c5b-3312,CUST-4F94E02D72,support,NG
REC-8d919c5b-3313,CUST-D2E9E6BF9C,billing,EU
REC-8d919c5b-3314,CUST-353EFDB673,identity,US-CA
REC-8d919c5b-3315,CUST-71560D15DA,support,NG
REC-8d919c5b-3316,CUST-AFA2CAD8F5,billing,EU
REC-8d919c5b-3317,CUST-156E80DCA4,identity,US-CA
REC-8d919c5b-3318,CUST-7781A70165,support,NG
REC-8d919c5b-3319,CUST-01A712B5CF,billing,EU
REC-8d919c5b-3320,CUST-4C20D5332A,identity,US-CA
REC-8d919c5b-3321,CUST-457DC2FF07,support,NG
REC-8d919c5b-3322,CUST-D4589AB0B9,billing,EU
REC-8d919c5b-3323,CUST-D40597910B,identity,US-CA
REC-8d919c5b-3324,CUST-DB7DB64296,support,NG
REC-8d919c5b-3325,CUST-6E33C02623,billing,EU
REC-8d919c5b-3326,CUST-FB2ABAA216,identity,US-CA
REC-8d919c5b-3327,CUST-52FBA55A6B,support,NG
REC-8d919c5b-3328,CUST-A3195BB984,billing,EU
REC-8d919c5b-3329,CUST-F972900D1A,identity,US-CA
REC-8d919c5b-3330,CUST-08504FD350,support,NG
REC-8d919c5b-3331,CUST-71BD2BCD79,billing,EU
REC-8d919c5b-3332,CUST-53399B6D17,identity,US-CA
REC-8d919c5b-3333,CUST-BC8CD48A7F,support,NG
REC-8d919c5b-3334,CUST-9AE3DDBF30,billing,EU
REC-8d919c5b-3335,CUST-F8D043D9A8,identity,US-CA
REC-8d919c5b-3336,CUST-5AB53468F1,support,NG
REC-8d919c5b-3337,CUST-0BDD4257A2,billing,EU
REC-8d919c5b-3338,CUST-14122FE307,identity,US-CA
REC-8d919c5b-3339,CUST-1206F90793,support,NG
REC-8d919c5b-3340,CUST-C0601D7BF6,billing,EU
REC-8d919c5b-3341,CUST-5A040AC359,identity,US-CA
REC-8d919c5b-3342,CUST-AB01ABFEF3,support,NG
REC-8d919c5b-3343,CUST-D62B1D6304,billing,EU
REC-8d919c5b-3344,CUST-6781F075CF,identity,US-CA
REC-8d919c5b-3345,CUST-E7A094174D,support,NG
REC-8d919c5b-3346,CUST-44639C3A18,billing,EU
REC-8d919c5b-3347,CUST-B882AF775E,identity,US-CA
REC-8d919c5b-3348,CUST-B9A9882103,support,NG
REC-8d919c5b-3349,CUST-0CF9B4E9CC,billing,EU
REC-8d919c5b-3350,CUST-2C5AC77786,identity,US-CA
REC-8d919c5b-3351,CUST-8CBDABC9A5,support,NG
REC-8d919c5b-3352,CUST-2A802A42DE,billing,EU
REC-8d919c5b-3353,CUST-D9F57FC3E9,identity,US-CA
REC-8d919c5b-3354,CUST-510F8C5649,support,NG
REC-8d919c5b-3355,CUST-BC297F6DA7,billing,EU
REC-8d919c5b-3356,CUST-D73ED55ACB,identity,US-CA
REC-8d919c5b-3357,CUST-F8BE8EECF6,support,NG
REC-8d919c5b-3358,CUST-CB8064E9DB,billing,EU
REC-8d919c5b-3359,CUST-62564504F2,identity,US-CA
REC-8d919c5b-3360,CUST-BD9FA08C05,support,NG
REC-8d919c5b-3361,CUST-CFDF515C56,billing,EU
REC-8d919c5b-3362,CUST-8CFBA8F73D,identity,US-CA
REC-8d919c5b-3363,CUST-79A4797AE2,support,NG
REC-8d919c5b-3364,CUST-169A066BCB,billing,EU
REC-8d919c5b-3365,CUST-C718F26020,identity,US-CA
REC-8d919c5b-3366,CUST-E7F5D66027,support,NG
REC-8d919c5b-3367,CUST-814E79ABB7,billing,EU
REC-8d919c5b-3368,CUST-734E9E6C76,identity,US-CA
REC-8d919c5b-3369,CUST-6F3507C7EB,support,NG
REC-8d919c5b-3370,CUST-64055789CF,billing,EU
REC-8d919c5b-3371,CUST-1F114EA1B8,identity,US-CA
REC-8d919c5b-3372,CUST-764E860B45,support,NG
REC-8d919c5b-3373,CUST-68A14AFB99,billing,EU
REC-8d919c5b-3374,CUST-9550CC6C90,identity,US-CA
REC-8d919c5b-3375,CUST-38D01A9FDD,support,NG
REC-8d919c5b-3376,CUST-A536C2CD59,billing,EU
REC-8d919c5b-3377,CUST-FBD5FF9F03,identity,US-CA
REC-8d919c5b-3378,CUST-4230D22C27,support,NG
REC-8d919c5b-3379,CUST-9DF9942094,billing,EU
REC-8d919c5b-3380,CUST-1FC1978C5D,identity,US-CA
REC-8d919c5b-3381,CUST-52CE85378C,support,NG
REC-8d919c5b-3382,CUST-514F5C6ECE,billing,EU
REC-8d919c5b-3383,CUST-C4527E9F52,identity,US-CA
REC-8d919c5b-3384,CUST-105C98385F,support,NG
REC-8d919c5b-3385,CUST-32B1E585C1,billing,EU
REC-8d919c5b-3386,CUST-FBDEDEDEA6,identity,US-CA
REC-8d919c5b-3387,CUST-74A69C686E,support,NG
REC-8d919c5b-3388,CUST-06BB37A666,billing,EU
REC-8d919c5b-3389,CUST-B8CAC73488,identity,US-CA
REC-8d919c5b-3390,CUST-10C568A11D,support,NG
REC-8d919c5b-3391,CUST-E6ABC8AA49,billing,EU
REC-8d919c5b-3392,CUST-EE26DFF77E,identity,US-CA
REC-8d919c5b-3393,CUST-0C128126F4,support,NG
REC-8d919c5b-3394,CUST-533D6E6ABD,billing,EU
REC-8d919c5b-3395,CUST-06C8EEF9B9,identity,US-CA
REC-8d919c5b-3396,CUST-A79B05BC88,support,NG
REC-8d919c5b-3397,CUST-5DA6F0509A,billing,EU
REC-8d919c5b-3398,CUST-CC3599FE51,identity,US-CA
REC-8d919c5b-3399,CUST-0BAB141996,support,NG
REC-8d919c5b-3400,CUST-39F7080C42,billing,EU
REC-8d919c5b-3401,CUST-5391EEB2E3,identity,US-CA
REC-8d919c5b-3402,CUST-101F719779,support,NG
REC-8d919c5b-3403,CUST-24B7568846,billing,EU
REC-8d919c5b-3404,CUST-FBAEC0FF37,identity,US-CA
REC-8d919c5b-3405,CUST-74FB21020A,support,NG
REC-8d919c5b-3406,CUST-2C43BEF20E,billing,EU
REC-8d919c5b-3407,CUST-30D5FB7A89,identity,US-CA
REC-8d919c5b-3408,CUST-7B8FA90681,support,NG
REC-8d919c5b-3409,CUST-4F6567FD79,billing,EU
REC-8d919c5b-3410,CUST-1933229D82,identity,US-CA
REC-8d919c5b-3411,CUST-CF96FE32AD,support,NG
REC-8d919c5b-3412,CUST-5418670BE2,billing,EU
REC-8d919c5b-3413,CUST-7ABF0134E7,identity,US-CA
REC-8d919c5b-3414,CUST-16166CD818,support,NG
REC-8d919c5b-3415,CUST-B0D17519E3,billing,EU
REC-8d919c5b-3416,CUST-5C4A7F925A,identity,US-CA
REC-8d919c5b-3417,CUST-FA16976B14,support,NG
REC-8d919c5b-3418,CUST-61654C200D,billing,EU
REC-8d919c5b-3419,CUST-39FDFAC62E,identity,US-CA
REC-8d919c5b-3420,CUST-A618716DB1,support,NG
REC-8d919c5b-3421,CUST-DD42F482DA,billing,EU
REC-8d919c5b-3422,CUST-DD83B7E00D,identity,US-CA
REC-8d919c5b-3423,CUST-1D894FDC06,support,NG
REC-8d919c5b-3424,CUST-CABC10BF54,billing,EU
REC-8d919c5b-3425,CUST-D9CF3C9B85,identity,US-CA
REC-8d919c5b-3426,CUST-93109D9622,support,NG
REC-8d919c5b-3427,CUST-3FADC12E47,billing,EU
REC-8d919c5b-3428,CUST-00D418BBBA,identity,US-CA
REC-8d919c5b-3429,CUST-5355E510EA,support,NG
REC-8d919c5b-3430,CUST-C39F23BC03,billing,EU
REC-8d919c5b-3431,CUST-9449E99FEE,identity,US-CA
REC-8d919c5b-3432,CUST-B1D056B80E,support,NG
REC-8d919c5b-3433,CUST-83C5388EA6,billing,EU
REC-8d919c5b-3434,CUST-EBB14A7087,identity,US-CA
REC-8d919c5b-3435,CUST-0B9CD1BB73,support,NG
REC-8d919c5b-3436,CUST-2B2DDD39DF,billing,EU
REC-8d919c5b-3437,CUST-698EE9536C,identity,US-CA
REC-8d919c5b-3438,CUST-841EAF40FF,support,NG
REC-8d919c5b-3439,CUST-58AD973055,billing,EU
REC-8d919c5b-3440,CUST-9D97C418EC,identity,US-CA
REC-8d919c5b-3441,CUST-B37A1954F6,support,NG
REC-8d919c5b-3442,CUST-A5D623364E,billing,EU
REC-8d919c5b-3443,CUST-40760B8E36,identity,US-CA
REC-8d919c5b-3444,CUST-1B16A40D31,support,NG
REC-8d919c5b-3445,CUST-ACC58437CF,billing,EU
REC-8d919c5b-3446,CUST-F51345C269,identity,US-CA
REC-8d919c5b-3447,CUST-51890819E1,support,NG
REC-8d919c5b-3448,CUST-076516ECAF,billing,EU
REC-8d919c5b-3449,CUST-83A0E73174,identity,US-CA
REC-8d919c5b-3450,CUST-3B4158B96D,support,NG
REC-8d919c5b-3451,CUST-D0483527E5,billing,EU
REC-8d919c5b-3452,CUST-E76615B090,identity,US-CA
REC-8d919c5b-3453,CUST-939AE328BF,support,NG
REC-8d919c5b-3454,CUST-730DEEF52D,billing,EU
REC-8d919c5b-3455,CUST-4FFD8452ED,identity,US-CA
REC-8d919c5b-3456,CUST-201EB5F25F,support,NG
REC-8d919c5b-3457,CUST-1C60229304,billing,EU
REC-8d919c5b-3458,CUST-4F269ED675,identity,US-CA
REC-8d919c5b-3459,CUST-EFF7DB6A7C,support,NG
REC-8d919c5b-3460,CUST-AC33D0523E,billing,EU
REC-8d919c5b-3461,CUST-62FD4C55CA,identity,US-CA
REC-8d919c5b-3462,CUST-1F92446295,support,NG
REC-8d919c5b-3463,CUST-9CF780D1DD,billing,EU
REC-8d919c5b-3464,CUST-B7868AC398,identity,US-CA
REC-8d919c5b-3465,CUST-472D3C0B2D,support,NG
REC-8d919c5b-3466,CUST-4166F5BBDE,billing,EU
REC-8d919c5b-3467,CUST-5D5807A508,identity,US-CA
REC-8d919c5b-3468,CUST-0AF52335B2,support,NG
REC-8d919c5b-3469,CUST-42F3C22318,billing,EU
REC-8d919c5b-3470,CUST-75FD921926,identity,US-CA
REC-8d919c5b-3471,CUST-1FB7F0C632,support,NG
REC-8d919c5b-3472,CUST-7A13980C7A,billing,EU
REC-8d919c5b-3473,CUST-44405B4243,identity,US-CA
REC-8d919c5b-3474,CUST-AECB1537DD,support,NG
REC-8d919c5b-3475,CUST-4E669DE1F8,billing,EU
REC-8d919c5b-3476,CUST-97AA02547F,identity,US-CA
REC-8d919c5b-3477,CUST-9F0EBCC041,support,NG
REC-8d919c5b-3478,CUST-044B8E054E,billing,EU
REC-8d919c5b-3479,CUST-4F76F70DE6,identity,US-CA
REC-8d919c5b-3480,CUST-4C23EFAEF8,support,NG
REC-8d919c5b-3481,CUST-8702D69A94,billing,EU
REC-8d919c5b-3482,CUST-B42DE87997,identity,US-CA
REC-8d919c5b-3483,CUST-B106A3E6D4,support,NG
REC-8d919c5b-3484,CUST-D2A2C74BC5,billing,EU
REC-8d919c5b-3485,CUST-D702F76C0A,identity,US-CA
REC-8d919c5b-3486,CUST-983150946C,support,NG
REC-8d919c5b-3487,CUST-D3C10D7B3C,billing,EU
REC-8d919c5b-3488,CUST-A99846869A,identity,US-CA
REC-8d919c5b-3489,CUST-AEE1C6F253,support,NG
REC-8d919c5b-3490,CUST-B297771532,billing,EU
REC-8d919c5b-3491,CUST-7A599DEE15,identity,US-CA
REC-8d919c5b-3492,CUST-3D4FB660B5,support,NG
REC-8d919c5b-3493,CUST-0266340819,billing,EU
REC-8d919c5b-3494,CUST-2D9B8EF187,identity,US-CA
REC-8d919c5b-3495,CUST-8F8D3F0E31,support,NG
REC-8d919c5b-3496,CUST-EDF7D51BCB,billing,EU
REC-8d919c5b-3497,CUST-7C9BA416FD,identity,US-CA
REC-8d919c5b-3498,CUST-97D8A08546,support,NG
REC-8d919c5b-3499,CUST-4F2335FAD7,billing,EU
REC-8d919c5b-3500,CUST-622B058548,identity,US-CA
REC-8d919c5b-3501,CUST-DA4751E7B1,support,NG
REC-8d919c5b-3502,CUST-64F0C6B298,billing,EU
REC-8d919c5b-3503,CUST-8B09633935,identity,US-CA
REC-8d919c5b-3504,CUST-571625ADCD,support,NG
REC-8d919c5b-3505,CUST-F11A9DE5C4,billing,EU
REC-8d919c5b-3506,CUST-A9C0377601,identity,US-CA
REC-8d919c5b-3507,CUST-DB9D9F258B,support,NG
REC-8d919c5b-3508,CUST-79ACE0350E,billing,EU
REC-8d919c5b-3509,CUST-AA826F8801,identity,US-CA
REC-8d919c5b-3510,CUST-C9C1A58292,support,NG
REC-8d919c5b-3511,CUST-DFA5071985,billing,EU
REC-8d919c5b-3512,CUST-668A7DF21B,identity,US-CA
REC-8d919c5b-3513,CUST-3D98182275,support,NG
REC-8d919c5b-3514,CUST-FF8EAACF7E,billing,EU
REC-8d919c5b-3515,CUST-1CDF423C01,identity,US-CA
REC-8d919c5b-3516,CUST-8AC191DD69,support,NG
REC-8d919c5b-3517,CUST-1A88735B3E,billing,EU
REC-8d919c5b-3518,CUST-578C3D80C1,identity,US-CA
REC-8d919c5b-3519,CUST-F8B9064941,support,NG
REC-8d919c5b-3520,CUST-FA1B9E03FB,billing,EU
REC-8d919c5b-3521,CUST-B2011ADFDF,identity,US-CA
REC-8d919c5b-3522,CUST-2405EFDB7C,support,NG
REC-8d919c5b-3523,CUST-668D7DED12,billing,EU
REC-8d919c5b-3524,CUST-1BA9A547D7,identity,US-CA
REC-8d919c5b-3525,CUST-22A978D88B,support,NG
REC-8d919c5b-3526,CUST-6E972570DC,billing,EU
REC-8d919c5b-3527,CUST-8F43DC5D99,identity,US-CA
REC-8d919c5b-3528,CUST-A790FF9E49,support,NG
REC-8d919c5b-3529,CUST-0CD460DA93,billing,EU
REC-8d919c5b-3530,CUST-4C0B81F6D9,identity,US-CA
REC-8d919c5b-3531,CUST-8D55356723,support,NG
REC-8d919c5b-3532,CUST-BAC694AD38,billing,EU
REC-8d919c5b-3533,CUST-72E487F78B,identity,US-CA
REC-8d919c5b-3534,CUST-450A5A0792,support,NG
REC-8d919c5b-3535,CUST-384E2137E4,billing,EU
REC-8d919c5b-3536,CUST-52E42A8D98,identity,US-CA
REC-8d919c5b-3537,CUST-74621585D4,support,NG
REC-8d919c5b-3538,CUST-FBE54AC8E1,billing,EU
REC-8d919c5b-3539,CUST-7782EC8DEA,identity,US-CA
REC-8d919c5b-3540,CUST-8A3EDF4044,support,NG
REC-8d919c5b-3541,CUST-8C7DF148B2,billing,EU
REC-8d919c5b-3542,CUST-DC235EBC01,identity,US-CA
REC-8d919c5b-3543,CUST-F3E79C22C2,support,NG
REC-8d919c5b-3544,CUST-21C4B3D67A,billing,EU
REC-8d919c5b-3545,CUST-97486F6BFA,identity,US-CA
REC-8d919c5b-3546,CUST-1CA6E1FEEF,support,NG
REC-8d919c5b-3547,CUST-A11A43AEEC,billing,EU
REC-8d919c5b-3548,CUST-2BF2DEDEE3,identity,US-CA
REC-8d919c5b-3549,CUST-DA712B04CC,support,NG
REC-8d919c5b-3550,CUST-6EB27B3F44,billing,EU
REC-8d919c5b-3551,CUST-F3A9FA1685,identity,US-CA
REC-8d919c5b-3552,CUST-6C228F8751,support,NG
REC-8d919c5b-3553,CUST-8E0D2BEB32,billing,EU
REC-8d919c5b-3554,CUST-EA18F73161,identity,US-CA
REC-8d919c5b-3555,CUST-7056ABEAC2,support,NG
REC-8d919c5b-3556,CUST-51A3ECCB5F,billing,EU
REC-8d919c5b-3557,CUST-8349E318D5,identity,US-CA
REC-8d919c5b-3558,CUST-A222ECFDB9,support,NG
REC-8d919c5b-3559,CUST-7657103112,billing,EU
REC-8d919c5b-3560,CUST-76473B106F,identity,US-CA
REC-8d919c5b-3561,CUST-5DA5019CA1,support,NG
REC-8d919c5b-3562,CUST-621CDC16B2,billing,EU
REC-8d919c5b-3563,CUST-62D02A9463,identity,US-CA
REC-8d919c5b-3564,CUST-3F0172EC32,support,NG
REC-8d919c5b-3565,CUST-C93D15FDAF,billing,EU
REC-8d919c5b-3566,CUST-E0EC60FFBF,identity,US-CA
REC-8d919c5b-3567,CUST-9D1B201E35,support,NG
REC-8d919c5b-3568,CUST-14E0C03B22,billing,EU
REC-8d919c5b-3569,CUST-250B49C154,identity,US-CA
REC-8d919c5b-3570,CUST-CC10662BB1,support,NG
REC-8d919c5b-3571,CUST-368674A4D3,billing,EU
REC-8d919c5b-3572,CUST-9F7075DDEF,identity,US-CA
REC-8d919c5b-3573,CUST-9A43D02D64,support,NG
REC-8d919c5b-3574,CUST-778C1BB5DA,billing,EU
REC-8d919c5b-3575,CUST-57D9D9FEEB,identity,US-CA
REC-8d919c5b-3576,CUST-9448BDFDF7,support,NG
REC-8d919c5b-3577,CUST-1814C17709,billing,EU
REC-8d919c5b-3578,CUST-3C7D392BAF,identity,US-CA
REC-8d919c5b-3579,CUST-4CD0C43A1B,support,NG
REC-8d919c5b-3580,CUST-C2E741E5B3,billing,EU
REC-8d919c5b-3581,CUST-4E7018E1C4,identity,US-CA
REC-8d919c5b-3582,CUST-D856A13B08,support,NG
REC-8d919c5b-3583,CUST-8F9678F1BC,billing,EU
REC-8d919c5b-3584,CUST-48EB0148FF,identity,US-CA
REC-8d919c5b-3585,CUST-A782A9F6F3,support,NG
REC-8d919c5b-3586,CUST-6A5942FCCC,billing,EU
REC-8d919c5b-3587,CUST-C81D8C4D6A,identity,US-CA
REC-8d919c5b-3588,CUST-F67EA15351,support,NG
REC-8d919c5b-3589,CUST-D54C08906C,billing,EU
REC-8d919c5b-3590,CUST-C3C529129C,identity,US-CA
REC-8d919c5b-3591,CUST-1567AA5D38,support,NG
REC-8d919c5b-3592,CUST-122CDECF83,billing,EU
REC-8d919c5b-3593,CUST-345F0DDD75,identity,US-CA
REC-8d919c5b-3594,CUST-AE3937242D,support,NG
REC-8d919c5b-3595,CUST-8047823802,billing,EU
REC-8d919c5b-3596,CUST-1FE2AAAA75,identity,US-CA
REC-8d919c5b-3597,CUST-396C2E8242,support,NG
REC-8d919c5b-3598,CUST-6660541C91,billing,EU
REC-8d919c5b-3599,CUST-C14A64E410,identity,US-CA
REC-8d919c5b-3600,CUST-EE3D4D167E,support,NG
REC-8d919c5b-3601,CUST-58F64E6075,billing,EU
REC-8d919c5b-3602,CUST-4D68A65ECC,identity,US-CA
REC-8d919c5b-3603,CUST-D1B165571F,support,NG
REC-8d919c5b-3604,CUST-6CB092FB33,billing,EU
REC-8d919c5b-3605,CUST-E50C420833,identity,US-CA
REC-8d919c5b-3606,CUST-573C1FA9F7,support,NG
REC-8d919c5b-3607,CUST-4643B72891,billing,EU
REC-8d919c5b-3608,CUST-BFFEE1CAF6,identity,US-CA
REC-8d919c5b-3609,CUST-89662F9CC5,support,NG
REC-8d919c5b-3610,CUST-C918FB7717,billing,EU
REC-8d919c5b-3611,CUST-59D209F227,identity,US-CA
REC-8d919c5b-3612,CUST-8AD377716B,support,NG
REC-8d919c5b-3613,CUST-22B8423DD6,billing,EU
REC-8d919c5b-3614,CUST-083B210860,identity,US-CA
REC-8d919c5b-3615,CUST-CBE5A7538C,support,NG
REC-8d919c5b-3616,CUST-22740EA58A,billing,EU
REC-8d919c5b-3617,CUST-AB8F813BC5,identity,US-CA
REC-8d919c5b-3618,CUST-91DF7C9E91,support,NG
REC-8d919c5b-3619,CUST-6A0519061A,billing,EU
REC-8d919c5b-3620,CUST-6B812BA038,identity,US-CA
REC-8d919c5b-3621,CUST-FE940A8DE8,support,NG
REC-8d919c5b-3622,CUST-D983728E5E,billing,EU
REC-8d919c5b-3623,CUST-9296BB7655,identity,US-CA
REC-8d919c5b-3624,CUST-1B02D03513,support,NG
REC-8d919c5b-3625,CUST-E2BDF4886C,billing,EU
REC-8d919c5b-3626,CUST-D471C1D427,identity,US-CA
REC-8d919c5b-3627,CUST-1A0A388C82,support,NG
REC-8d919c5b-3628,CUST-FA205D41AE,billing,EU
REC-8d919c5b-3629,CUST-2A148466D8,identity,US-CA
REC-8d919c5b-3630,CUST-6FBD7934A1,support,NG
REC-8d919c5b-3631,CUST-89FB6A85BE,billing,EU
REC-8d919c5b-3632,CUST-7168B0BBA3,identity,US-CA
REC-8d919c5b-3633,CUST-D40C710BDA,support,NG
REC-8d919c5b-3634,CUST-ADAAA46210,billing,EU
REC-8d919c5b-3635,CUST-D58D2212B4,identity,US-CA
REC-8d919c5b-3636,CUST-AAE95CE66E,support,NG
REC-8d919c5b-3637,CUST-1798E47FDE,billing,EU
REC-8d919c5b-3638,CUST-80AEBDCB74,identity,US-CA
REC-8d919c5b-3639,CUST-3B4E1C1479,support,NG
REC-8d919c5b-3640,CUST-89D0E17E20,billing,EU
REC-8d919c5b-3641,CUST-A1266B04A5,identity,US-CA
REC-8d919c5b-3642,CUST-79BDBFF3D3,support,NG
REC-8d919c5b-3643,CUST-21F819ECB4,billing,EU
REC-8d919c5b-3644,CUST-461967D06D,identity,US-CA
REC-8d919c5b-3645,CUST-AF7A8D42FE,support,NG
REC-8d919c5b-3646,CUST-1F68BC87FD,billing,EU
REC-8d919c5b-3647,CUST-6399767112,identity,US-CA
REC-8d919c5b-3648,CUST-DAB13BAB34,support,NG
REC-8d919c5b-3649,CUST-D45C5BA100,billing,EU
REC-8d919c5b-3650,CUST-5D5F99E21C,identity,US-CA
REC-8d919c5b-3651,CUST-714FF5AA19,support,NG
REC-8d919c5b-3652,CUST-63B31A7C65,billing,EU
REC-8d919c5b-3653,CUST-E3FA9EFB0B,identity,US-CA
REC-8d919c5b-3654,CUST-99A6392CCD,support,NG
REC-8d919c5b-3655,CUST-9868B56FFF,billing,EU
REC-8d919c5b-3656,CUST-1A25708B1B,identity,US-CA
REC-8d919c5b-3657,CUST-626B400950,support,NG
REC-8d919c5b-3658,CUST-0052870B56,billing,EU
REC-8d919c5b-3659,CUST-4BE407F90C,identity,US-CA
REC-8d919c5b-3660,CUST-9B1BD16BA3,support,NG
REC-8d919c5b-3661,CUST-B5C02C3CF1,billing,EU
REC-8d919c5b-3662,CUST-1FC5B54259,identity,US-CA
REC-8d919c5b-3663,CUST-E5283569B6,support,NG
REC-8d919c5b-3664,CUST-725CE190EE,billing,EU
REC-8d919c5b-3665,CUST-3CFC41DAA9,identity,US-CA
REC-8d919c5b-3666,CUST-8E69FF3EA9,support,NG
REC-8d919c5b-3667,CUST-4F93E04EDA,billing,EU
REC-8d919c5b-3668,CUST-C05CC22B16,identity,US-CA
REC-8d919c5b-3669,CUST-71EB2C89A5,support,NG
REC-8d919c5b-3670,CUST-CBCEC733C0,billing,EU
REC-8d919c5b-3671,CUST-25B1E99AA4,identity,US-CA
REC-8d919c5b-3672,CUST-B0CEDD3FCD,support,NG
REC-8d919c5b-3673,CUST-91F5A6E452,billing,EU
REC-8d919c5b-3674,CUST-B69CDE0E09,identity,US-CA
REC-8d919c5b-3675,CUST-629D3E389B,support,NG
REC-8d919c5b-3676,CUST-AD35B3D93B,billing,EU
REC-8d919c5b-3677,CUST-C878786DCF,identity,US-CA
REC-8d919c5b-3678,CUST-261B669C1B,support,NG
REC-8d919c5b-3679,CUST-A338A99742,billing,EU
REC-8d919c5b-3680,CUST-11B9AFA744,identity,US-CA
REC-8d919c5b-3681,CUST-1572110E1C,support,NG
REC-8d919c5b-3682,CUST-35A94D4566,billing,EU
REC-8d919c5b-3683,CUST-C43459BFC5,identity,US-CA
REC-8d919c5b-3684,CUST-E227A5A7CC,support,NG
REC-8d919c5b-3685,CUST-9ACB626C61,billing,EU
REC-8d919c5b-3686,CUST-E28EC68F57,identity,US-CA
REC-8d919c5b-3687,CUST-F874CDA697,support,NG
REC-8d919c5b-3688,CUST-148A86E228,billing,EU
REC-8d919c5b-3689,CUST-F3228E90DB,identity,US-CA
REC-8d919c5b-3690,CUST-95EA77F693,support,NG
REC-8d919c5b-3691,CUST-C08B4489AA,billing,EU
REC-8d919c5b-3692,CUST-02F75C7D0A,identity,US-CA
REC-8d919c5b-3693,CUST-9B46EF3BA7,support,NG
REC-8d919c5b-3694,CUST-FDF5BDD80A,billing,EU
REC-8d919c5b-3695,CUST-B4CA14BF51,identity,US-CA
REC-8d919c5b-3696,CUST-C98A962D3C,support,NG
REC-8d919c5b-3697,CUST-A1E694191D,billing,EU
REC-8d919c5b-3698,CUST-2382F39BAD,identity,US-CA
REC-8d919c5b-3699,CUST-B626BA3806,support,NG
REC-8d919c5b-3700,CUST-64DEBEDE41,billing,EU
REC-8d919c5b-3701,CUST-4EDBF11AF2,identity,US-CA
REC-8d919c5b-3702,CUST-25E724244A,support,NG
REC-8d919c5b-3703,CUST-CFB93D26E5,billing,EU
REC-8d919c5b-3704,CUST-3655105EEE,identity,US-CA
REC-8d919c5b-3705,CUST-C1DCBB58D9,support,NG
REC-8d919c5b-3706,CUST-CDD9E66709,billing,EU
REC-8d919c5b-3707,CUST-118136262D,identity,US-CA
REC-8d919c5b-3708,CUST-AF08CF2E36,support,NG
REC-8d919c5b-3709,CUST-6146D254EE,billing,EU
REC-8d919c5b-3710,CUST-380F05EAB7,identity,US-CA
REC-8d919c5b-3711,CUST-8903446E11,support,NG
REC-8d919c5b-3712,CUST-CEEB5F520C,billing,EU
REC-8d919c5b-3713,CUST-D2E3D7C422,identity,US-CA
REC-8d919c5b-3714,CUST-2C1F8288A0,support,NG
REC-8d919c5b-3715,CUST-7E55FF8C14,billing,EU
REC-8d919c5b-3716,CUST-48D5A1C895,identity,US-CA
REC-8d919c5b-3717,CUST-C2607357A2,support,NG
REC-8d919c5b-3718,CUST-D04BCBAF70,billing,EU
REC-8d919c5b-3719,CUST-4E3336EC03,identity,US-CA
REC-8d919c5b-3720,CUST-9183568F97,support,NG
REC-8d919c5b-3721,CUST-4547F35E0A,billing,EU
REC-8d919c5b-3722,CUST-5D293DE355,identity,US-CA
REC-8d919c5b-3723,CUST-614438917A,support,NG
REC-8d919c5b-3724,CUST-DC825A03E0,billing,EU
REC-8d919c5b-3725,CUST-F7D56F88AA,identity,US-CA
REC-8d919c5b-3726,CUST-8E22536E93,support,NG
REC-8d919c5b-3727,CUST-4D0589FF72,billing,EU
REC-8d919c5b-3728,CUST-F35CBDFC7E,identity,US-CA
REC-8d919c5b-3729,CUST-BD8F810100,support,NG
REC-8d919c5b-3730,CUST-E187C8215B,billing,EU
REC-8d919c5b-3731,CUST-E464E76875,identity,US-CA
REC-8d919c5b-3732,CUST-F67CB6120B,support,NG
REC-8d919c5b-3733,CUST-65D5A4CB24,billing,EU
REC-8d919c5b-3734,CUST-8611CA8D51,identity,US-CA
REC-8d919c5b-3735,CUST-E62F4386F4,support,NG
REC-8d919c5b-3736,CUST-6E362AAAB0,billing,EU
REC-8d919c5b-3737,CUST-2F8285CE27,identity,US-CA
REC-8d919c5b-3738,CUST-BEA4917565,support,NG
REC-8d919c5b-3739,CUST-B8A12D3BF0,billing,EU
REC-8d919c5b-3740,CUST-639C35C240,identity,US-CA
REC-8d919c5b-3741,CUST-540B73812E,support,NG
REC-8d919c5b-3742,CUST-6DA507BAD0,billing,EU
REC-8d919c5b-3743,CUST-6F9F1C46B5,identity,US-CA
REC-8d919c5b-3744,CUST-75EE2FE647,support,NG
REC-8d919c5b-3745,CUST-BEBA702531,billing,EU
REC-8d919c5b-3746,CUST-E5EAF21A54,identity,US-CA
REC-8d919c5b-3747,CUST-9606BFE297,support,NG
REC-8d919c5b-3748,CUST-FC00F9AB90,billing,EU
REC-8d919c5b-3749,CUST-71140DD81F,identity,US-CA
REC-8d919c5b-3750,CUST-312493D62E,support,NG
REC-8d919c5b-3751,CUST-B38A7F73D9,billing,EU
REC-8d919c5b-3752,CUST-307D11CD8E,identity,US-CA
REC-8d919c5b-3753,CUST-70E205C53A,support,NG
REC-8d919c5b-3754,CUST-9E4FCC942E,billing,EU
REC-8d919c5b-3755,CUST-4FDD0CA7C0,identity,US-CA
REC-8d919c5b-3756,CUST-409624F885,support,NG
REC-8d919c5b-3757,CUST-A42798CDE9,billing,EU
REC-8d919c5b-3758,CUST-D40377DADA,identity,US-CA
REC-8d919c5b-3759,CUST-DED017562B,support,NG
REC-8d919c5b-3760,CUST-17E7BAAD51,billing,EU
REC-8d919c5b-3761,CUST-6663D535DA,identity,US-CA
REC-8d919c5b-3762,CUST-027AFFBA3C,support,NG
REC-8d919c5b-3763,CUST-8F44031D50,billing,EU
REC-8d919c5b-3764,CUST-B82C8FAC0B,identity,US-CA
REC-8d919c5b-3765,CUST-5BC900AD04,support,NG
REC-8d919c5b-3766,CUST-12CF2757F1,billing,EU
REC-8d919c5b-3767,CUST-A7B018B433,identity,US-CA
REC-8d919c5b-3768,CUST-D7E2C3EED6,support,NG
REC-8d919c5b-3769,CUST-09E4577BBD,billing,EU
REC-8d919c5b-3770,CUST-41D886254E,identity,US-CA
REC-8d919c5b-3771,CUST-A861F41010,support,NG
REC-8d919c5b-3772,CUST-38E6E12517,billing,EU
REC-8d919c5b-3773,CUST-6B65984479,identity,US-CA
REC-8d919c5b-3774,CUST-AA4A5EF55B,support,NG
REC-8d919c5b-3775,CUST-E7DA818EAC,billing,EU
REC-8d919c5b-3776,CUST-50475FEEC0,identity,US-CA
REC-8d919c5b-3777,CUST-C904DF1675,support,NG
REC-8d919c5b-3778,CUST-498F6E6419,billing,EU
REC-8d919c5b-3779,CUST-F466D5829C,identity,US-CA
REC-8d919c5b-3780,CUST-DFB432337B,support,NG
REC-8d919c5b-3781,CUST-CB946E5049,billing,EU
REC-8d919c5b-3782,CUST-BA21A0E4B6,identity,US-CA
REC-8d919c5b-3783,CUST-73F10EE0D1,support,NG
REC-8d919c5b-3784,CUST-C7694DCC68,billing,EU
REC-8d919c5b-3785,CUST-D82956285E,identity,US-CA
REC-8d919c5b-3786,CUST-A32E324840,support,NG
REC-8d919c5b-3787,CUST-57AC332FC4,billing,EU
REC-8d919c5b-3788,CUST-0C199D2CC0,identity,US-CA
REC-8d919c5b-3789,CUST-4D32965B6B,support,NG
REC-8d919c5b-3790,CUST-CB3D743517,billing,EU
REC-8d919c5b-3791,CUST-3C082D5FFB,identity,US-CA
REC-8d919c5b-3792,CUST-9CCA346277,support,NG
REC-8d919c5b-3793,CUST-AE1A329094,billing,EU
REC-8d919c5b-3794,CUST-EF090B1993,identity,US-CA
REC-8d919c5b-3795,CUST-6504814D2D,support,NG
REC-8d919c5b-3796,CUST-4FA17A4696,billing,EU
REC-8d919c5b-3797,CUST-6D313E68D0,identity,US-CA
REC-8d919c5b-3798,CUST-40A7D04588,support,NG
REC-8d919c5b-3799,CUST-F58EBF31F0,billing,EU
REC-8d919c5b-3800,CUST-94B970DF9E,identity,US-CA
REC-8d919c5b-3801,CUST-388552382D,support,NG
REC-8d919c5b-3802,CUST-96FFD360F5,billing,EU
REC-8d919c5b-3803,CUST-4FFBDD7264,identity,US-CA
REC-8d919c5b-3804,CUST-14F87CBAF2,support,NG
REC-8d919c5b-3805,CUST-2FF777ECF1,billing,EU
REC-8d919c5b-3806,CUST-3E473F9B9D,identity,US-CA
REC-8d919c5b-3807,CUST-500A2FA816,support,NG
REC-8d919c5b-3808,CUST-67AD8B5DF5,billing,EU
REC-8d919c5b-3809,CUST-670A252B40,identity,US-CA
REC-8d919c5b-3810,CUST-79E389DDA1,support,NG
REC-8d919c5b-3811,CUST-798566A05B,billing,EU
REC-8d919c5b-3812,CUST-B22A2E32F2,identity,US-CA
REC-8d919c5b-3813,CUST-4CD83732C2,support,NG
REC-8d919c5b-3814,CUST-383384ADA6,billing,EU
REC-8d919c5b-3815,CUST-DE56F14D5D,identity,US-CA
REC-8d919c5b-3816,CUST-C4CCCDF1B8,support,NG
REC-8d919c5b-3817,CUST-B799209DDB,billing,EU
REC-8d919c5b-3818,CUST-D62711CE76,identity,US-CA
REC-8d919c5b-3819,CUST-1FB39B02C2,support,NG
REC-8d919c5b-3820,CUST-C1274DB2B1,billing,EU
REC-8d919c5b-3821,CUST-BDA035CD81,identity,US-CA
REC-8d919c5b-3822,CUST-1FE34C24FF,support,NG
REC-8d919c5b-3823,CUST-6A81E4D432,billing,EU
REC-8d919c5b-3824,CUST-FFD2A4C1A5,identity,US-CA
REC-8d919c5b-3825,CUST-377E623D5B,support,NG
REC-8d919c5b-3826,CUST-BA9B562277,billing,EU
REC-8d919c5b-3827,CUST-A36E06A35A,identity,US-CA
REC-8d919c5b-3828,CUST-AF29426440,support,NG
REC-8d919c5b-3829,CUST-E558DA0495,billing,EU
REC-8d919c5b-3830,CUST-60AA47FC20,identity,US-CA
REC-8d919c5b-3831,CUST-9F3E9B9D4D,support,NG
REC-8d919c5b-3832,CUST-F0EEBEC035,billing,EU
REC-8d919c5b-3833,CUST-2F63360790,identity,US-CA
REC-8d919c5b-3834,CUST-B229E34C2A,support,NG
REC-8d919c5b-3835,CUST-DA01D3A1CD,billing,EU
REC-8d919c5b-3836,CUST-4BB91FC09B,identity,US-CA
REC-8d919c5b-3837,CUST-6B4DE6592A,support,NG
REC-8d919c5b-3838,CUST-45D83884F7,billing,EU
REC-8d919c5b-3839,CUST-24039DF90C,identity,US-CA
REC-8d919c5b-3840,CUST-18A8D55097,support,NG
REC-8d919c5b-3841,CUST-962703A09E,billing,EU
REC-8d919c5b-3842,CUST-89529D0597,identity,US-CA
REC-8d919c5b-3843,CUST-C6E47996DD,support,NG
REC-8d919c5b-3844,CUST-28C12B22AF,billing,EU
REC-8d919c5b-3845,CUST-ED7C1D5890,identity,US-CA
REC-8d919c5b-3846,CUST-94466C42D5,support,NG
REC-8d919c5b-3847,CUST-8443E9FC28,billing,EU
REC-8d919c5b-3848,CUST-7E9EEBD726,identity,US-CA
REC-8d919c5b-3849,CUST-F9FD8CFDD8,support,NG
REC-8d919c5b-3850,CUST-BD96B45F92,billing,EU
REC-8d919c5b-3851,CUST-5D8BD34EFD,identity,US-CA
REC-8d919c5b-3852,CUST-7B1E4F291F,support,NG
REC-8d919c5b-3853,CUST-A6D285549E,billing,EU
REC-8d919c5b-3854,CUST-232F7099A8,identity,US-CA
REC-8d919c5b-3855,CUST-ED55D50605,support,NG
REC-8d919c5b-3856,CUST-28F5F51041,billing,EU
REC-8d919c5b-3857,CUST-10D48F5426,identity,US-CA
REC-8d919c5b-3858,CUST-64A40E1898,support,NG
REC-8d919c5b-3859,CUST-9D169DC808,billing,EU
REC-8d919c5b-3860,CUST-174608FD7F,identity,US-CA
REC-8d919c5b-3861,CUST-24649972DA,support,NG
REC-8d919c5b-3862,CUST-EA3B995E61,billing,EU
REC-8d919c5b-3863,CUST-C56D2E21CB,identity,US-CA
REC-8d919c5b-3864,CUST-217BB87780,support,NG
REC-8d919c5b-3865,CUST-025727B566,billing,EU
REC-8d919c5b-3866,CUST-78ED244E46,identity,US-CA
REC-8d919c5b-3867,CUST-4CFBB8D8CA,support,NG
REC-8d919c5b-3868,CUST-06382E7481,billing,EU
REC-8d919c5b-3869,CUST-1ED1B5A6F1,identity,US-CA
REC-8d919c5b-3870,CUST-DC801F8EE6,support,NG
REC-8d919c5b-3871,CUST-17F1BCFAC1,billing,EU
REC-8d919c5b-3872,CUST-0C0D339C85,identity,US-CA
REC-8d919c5b-3873,CUST-8D4B5E460E,support,NG
REC-8d919c5b-3874,CUST-9C1D497D78,billing,EU
REC-8d919c5b-3875,CUST-8B5C615752,identity,US-CA
REC-8d919c5b-3876,CUST-75F83521CD,support,NG
REC-8d919c5b-3877,CUST-5BDBA48D47,billing,EU
REC-8d919c5b-3878,CUST-2B4BBAF3AD,identity,US-CA
REC-8d919c5b-3879,CUST-16AA628F81,support,NG
REC-8d919c5b-3880,CUST-39F2132578,billing,EU
REC-8d919c5b-3881,CUST-B430B5918A,identity,US-CA
REC-8d919c5b-3882,CUST-1BF3AD2F60,support,NG
REC-8d919c5b-3883,CUST-814B452266,billing,EU
REC-8d919c5b-3884,CUST-A75E5024AA,identity,US-CA
REC-8d919c5b-3885,CUST-5AF30BF8F9,support,NG
REC-8d919c5b-3886,CUST-7532DCE595,billing,EU
REC-8d919c5b-3887,CUST-84F7DDD669,identity,US-CA
REC-8d919c5b-3888,CUST-F0899EF1FD,support,NG
REC-8d919c5b-3889,CUST-7C46B2F9F2,billing,EU
REC-8d919c5b-3890,CUST-827F91FE22,identity,US-CA
REC-8d919c5b-3891,CUST-E65C2A7C58,support,NG
REC-8d919c5b-3892,CUST-301494642D,billing,EU
REC-8d919c5b-3893,CUST-428D7A98C2,identity,US-CA
REC-8d919c5b-3894,CUST-97F963864C,support,NG
REC-8d919c5b-3895,CUST-FCCE8428A2,billing,EU
REC-8d919c5b-3896,CUST-14D1C08358,identity,US-CA
REC-8d919c5b-3897,CUST-9F38601493,support,NG
REC-8d919c5b-3898,CUST-807DB8042A,billing,EU
REC-8d919c5b-3899,CUST-9A177ACC26,identity,US-CA
REC-8d919c5b-3900,CUST-2587C53972,support,NG
REC-8d919c5b-3901,CUST-0AA8C3816D,billing,EU
REC-8d919c5b-3902,CUST-C66EEF71B5,identity,US-CA
REC-8d919c5b-3903,CUST-1A4C73A125,support,NG
REC-8d919c5b-3904,CUST-B5DA5CE740,billing,EU
REC-8d919c5b-3905,CUST-F1B1421147,identity,US-CA
REC-8d919c5b-3906,CUST-2EDBA3908C,support,NG
REC-8d919c5b-3907,CUST-F5A0E0D46F,billing,EU
REC-8d919c5b-3908,CUST-7C7D56FC3E,identity,US-CA
REC-8d919c5b-3909,CUST-5F5B5C7A91,support,NG
REC-8d919c5b-3910,CUST-CE8A3A904A,billing,EU
REC-8d919c5b-3911,CUST-7D2D9B3DB8,identity,US-CA
REC-8d919c5b-3912,CUST-50DF9CF707,support,NG
REC-8d919c5b-3913,CUST-787F5AB2E1,billing,EU
REC-8d919c5b-3914,CUST-69170193C4,identity,US-CA
REC-8d919c5b-3915,CUST-E40AD6E6A5,support,NG
REC-8d919c5b-3916,CUST-6B5F42BB01,billing,EU
REC-8d919c5b-3917,CUST-A99FB46871,identity,US-CA
REC-8d919c5b-3918,CUST-763FBF8B76,support,NG
REC-8d919c5b-3919,CUST-9C74426C9B,billing,EU
REC-8d919c5b-3920,CUST-C4BCE086D1,identity,US-CA
REC-8d919c5b-3921,CUST-D3D0EDD495,support,NG
REC-8d919c5b-3922,CUST-B523F576E4,billing,EU
REC-8d919c5b-3923,CUST-E4163902E7,identity,US-CA
REC-8d919c5b-3924,CUST-8BA5B2CBAD,support,NG
REC-8d919c5b-3925,CUST-49235FBCDA,billing,EU
REC-8d919c5b-3926,CUST-334DF1774A,identity,US-CA
REC-8d919c5b-3927,CUST-7D9C7936EE,support,NG
REC-8d919c5b-3928,CUST-F4CFB3B434,billing,EU
REC-8d919c5b-3929,CUST-CC028FCEE5,identity,US-CA
REC-8d919c5b-3930,CUST-3E8BDD326F,support,NG
REC-8d919c5b-3931,CUST-3651886843,billing,EU
REC-8d919c5b-3932,CUST-8D800B23A2,identity,US-CA
REC-8d919c5b-3933,CUST-269083F01A,support,NG
REC-8d919c5b-3934,CUST-9AE6432C8C,billing,EU
REC-8d919c5b-3935,CUST-C802A460B4,identity,US-CA
REC-8d919c5b-3936,CUST-71DA2D74B7,support,NG
REC-8d919c5b-3937,CUST-18347D4524,billing,EU
REC-8d919c5b-3938,CUST-D83D6055DF,identity,US-CA
REC-8d919c5b-3939,CUST-1B490C74EC,support,NG
REC-8d919c5b-3940,CUST-3FD90E4114,billing,EU
REC-8d919c5b-3941,CUST-8C2DB4B373,identity,US-CA
REC-8d919c5b-3942,CUST-38EB75AC02,support,NG
REC-8d919c5b-3943,CUST-74B7A10CA3,billing,EU
REC-8d919c5b-3944,CUST-E97CA6D722,identity,US-CA
REC-8d919c5b-3945,CUST-335E0977C8,support,NG
REC-8d919c5b-3946,CUST-4FB31FAF95,billing,EU
REC-8d919c5b-3947,CUST-15C60F720E,identity,US-CA
REC-8d919c5b-3948,CUST-7E76717510,support,NG
REC-8d919c5b-3949,CUST-378EAA257C,billing,EU
REC-8d919c5b-3950,CUST-73213F8218,identity,US-CA
REC-8d919c5b-3951,CUST-A8E63F3D79,support,NG
REC-8d919c5b-3952,CUST-DF918A333A,billing,EU
REC-8d919c5b-3953,CUST-A325E31EBE,identity,US-CA
REC-8d919c5b-3954,CUST-134B2ADF83,support,NG
REC-8d919c5b-3955,CUST-E931541873,billing,EU
REC-8d919c5b-3956,CUST-A0335EDCBF,identity,US-CA
REC-8d919c5b-3957,CUST-D59B16E20D,support,NG
REC-8d919c5b-3958,CUST-BF25FE7A9D,billing,EU
REC-8d919c5b-3959,CUST-022B60B3F1,identity,US-CA
REC-8d919c5b-3960,CUST-A86733BED6,support,NG
REC-8d919c5b-3961,CUST-E4135F6D85,billing,EU
REC-8d919c5b-3962,CUST-DFCE90AE8B,identity,US-CA
REC-8d919c5b-3963,CUST-B83DEE091F,support,NG
REC-8d919c5b-3964,CUST-BF61190585,billing,EU
REC-8d919c5b-3965,CUST-FDEC0BB8E9,identity,US-CA
REC-8d919c5b-3966,CUST-8D7122FFE6,support,NG
REC-8d919c5b-3967,CUST-B04FD7905B,billing,EU
REC-8d919c5b-3968,CUST-32B95D006E,identity,US-CA
REC-8d919c5b-3969,CUST-0AE05D2467,support,NG
REC-8d919c5b-3970,CUST-975F37C6F2,billing,EU
REC-8d919c5b-3971,CUST-5DDF358B9B,identity,US-CA
REC-8d919c5b-3972,CUST-07BC1C96E5,support,NG
REC-8d919c5b-3973,CUST-0310D4998B,billing,EU
REC-8d919c5b-3974,CUST-AE2C7FF59C,identity,US-CA
REC-8d919c5b-3975,CUST-4D15E56BCC,support,NG
REC-8d919c5b-3976,CUST-D24E6B1B14,billing,EU
REC-8d919c5b-3977,CUST-EAF6BFCE13,identity,US-CA
REC-8d919c5b-3978,CUST-6AB3F1FD22,support,NG
REC-8d919c5b-3979,CUST-7F05D965C2,billing,EU
REC-8d919c5b-3980,CUST-48964A13B1,identity,US-CA
REC-8d919c5b-3981,CUST-E3ADEFAB7F,support,NG
REC-8d919c5b-3982,CUST-2772C682A6,billing,EU
REC-8d919c5b-3983,CUST-A4AC7B50B9,identity,US-CA
REC-8d919c5b-3984,CUST-5057895C28,support,NG
REC-8d919c5b-3985,CUST-D86D773E42,billing,EU
REC-8d919c5b-3986,CUST-1125C32331,identity,US-CA
REC-8d919c5b-3987,CUST-960F547387,support,NG
REC-8d919c5b-3988,CUST-F0D2F90169,billing,EU
REC-8d919c5b-3989,CUST-438C70AD38,identity,US-CA
REC-8d919c5b-3990,CUST-FA1BE06498,support,NG
REC-8d919c5b-3991,CUST-FCA7E7C5BF,billing,EU
REC-8d919c5b-3992,CUST-0FB68EF130,identity,US-CA
REC-8d919c5b-3993,CUST-48FA80A19F,support,NG
REC-8d919c5b-3994,CUST-10D45F132E,billing,EU
REC-8d919c5b-3995,CUST-37467430AC,identity,US-CA
REC-8d919c5b-3996,CUST-F99EF26079,support,NG
REC-8d919c5b-3997,CUST-189A33B67B,billing,EU
REC-8d919c5b-3998,CUST-439FFABE81,identity,US-CA
REC-8d919c5b-3999,CUST-06C42EF746,support,NG
REC-8d919c5b-4000,CUST-3D580A3602,billing,EU
REC-8d919c5b-4001,CUST-D4390C8CA3,identity,US-CA
REC-8d919c5b-4002,CUST-B75376E473,support,NG
REC-8d919c5b-4003,CUST-74A9891D21,billing,EU
REC-8d919c5b-4004,CUST-6EB9FB95BB,identity,US-CA
REC-8d919c5b-4005,CUST-A23B32395A,support,NG
REC-8d919c5b-4006,CUST-99240F584D,billing,EU
REC-8d919c5b-4007,CUST-4ECF1026BA,identity,US-CA
REC-8d919c5b-4008,CUST-902D44FCC3,support,NG
REC-8d919c5b-4009,CUST-4B67FCEBEC,billing,EU
REC-8d919c5b-4010,CUST-394B98E1F9,identity,US-CA
REC-8d919c5b-4011,CUST-08E55882A4,support,NG
REC-8d919c5b-4012,CUST-4D8E97317D,billing,EU
REC-8d919c5b-4013,CUST-0BD4847CF2,identity,US-CA
REC-8d919c5b-4014,CUST-346B01584C,support,NG
REC-8d919c5b-4015,CUST-68749E4D3A,billing,EU
REC-8d919c5b-4016,CUST-9FBB11C079,identity,US-CA
REC-8d919c5b-4017,CUST-A24732EBE6,support,NG
REC-8d919c5b-4018,CUST-E028AF5DCC,billing,EU
REC-8d919c5b-4019,CUST-A5A6D63C76,identity,US-CA
REC-8d919c5b-4020,CUST-1777452537,support,NG
REC-8d919c5b-4021,CUST-FE09D734CC,billing,EU
REC-8d919c5b-4022,CUST-25AC3E707A,identity,US-CA
REC-8d919c5b-4023,CUST-52943E6C1B,support,NG
REC-8d919c5b-4024,CUST-D5CC83D5FC,billing,EU
REC-8d919c5b-4025,CUST-525FBEAA32,identity,US-CA
REC-8d919c5b-4026,CUST-F165E6745F,support,NG
REC-8d919c5b-4027,CUST-063CA88609,billing,EU
REC-8d919c5b-4028,CUST-CC9743DAE3,identity,US-CA
REC-8d919c5b-4029,CUST-B32FA6AFAA,support,NG
REC-8d919c5b-4030,CUST-DE509BFA92,billing,EU
REC-8d919c5b-4031,CUST-BF7609AFC7,identity,US-CA
REC-8d919c5b-4032,CUST-61FC71B90F,support,NG
REC-8d919c5b-4033,CUST-15D56D7409,billing,EU
REC-8d919c5b-4034,CUST-E462AB139E,identity,US-CA
REC-8d919c5b-4035,CUST-70F60840A6,support,NG
REC-8d919c5b-4036,CUST-DF0EC03112,billing,EU
REC-8d919c5b-4037,CUST-75B2591E5C,identity,US-CA
REC-8d919c5b-4038,CUST-1DD0BC320D,support,NG
REC-8d919c5b-4039,CUST-2026DD5DA7,billing,EU
REC-8d919c5b-4040,CUST-10667B57BC,identity,US-CA
REC-8d919c5b-4041,CUST-808920DF2D,support,NG
REC-8d919c5b-4042,CUST-C7052F73D4,billing,EU
REC-8d919c5b-4043,CUST-AB1CB40357,identity,US-CA
REC-8d919c5b-4044,CUST-7A2A205267,support,NG
REC-8d919c5b-4045,CUST-E14A5C6145,billing,EU
REC-8d919c5b-4046,CUST-7218DF5FDD,identity,US-CA
REC-8d919c5b-4047,CUST-3B62AE2DF1,support,NG
REC-8d919c5b-4048,CUST-459EB286AA,billing,EU
REC-8d919c5b-4049,CUST-7AE8D6B1BE,identity,US-CA
REC-8d919c5b-4050,CUST-5D72AE5519,support,NG
REC-8d919c5b-4051,CUST-8B05B0F45C,billing,EU
REC-8d919c5b-4052,CUST-356B0F431E,identity,US-CA
REC-8d919c5b-4053,CUST-DC3A41980B,support,NG
REC-8d919c5b-4054,CUST-D383CAF527,billing,EU
REC-8d919c5b-4055,CUST-916582E320,identity,US-CA
REC-8d919c5b-4056,CUST-0E99A91DAA,support,NG
REC-8d919c5b-4057,CUST-5D5619A850,billing,EU
REC-8d919c5b-4058,CUST-35A835054E,identity,US-CA
REC-8d919c5b-4059,CUST-1317B9FD5C,support,NG
REC-8d919c5b-4060,CUST-738F396114,billing,EU
REC-8d919c5b-4061,CUST-CF2322B0A9,identity,US-CA
REC-8d919c5b-4062,CUST-5DF438385B,support,NG
REC-8d919c5b-4063,CUST-4068F5A3F4,billing,EU
REC-8d919c5b-4064,CUST-739E77692B,identity,US-CA
REC-8d919c5b-4065,CUST-BB9F6ACC52,support,NG
REC-8d919c5b-4066,CUST-667C21032A,billing,EU
REC-8d919c5b-4067,CUST-F6AD2ABA67,identity,US-CA
REC-8d919c5b-4068,CUST-240C68F2D8,support,NG
REC-8d919c5b-4069,CUST-18F0E8C35E,billing,EU
REC-8d919c5b-4070,CUST-C04AC62538,identity,US-CA
REC-8d919c5b-4071,CUST-D54D76C5D8,support,NG
REC-8d919c5b-4072,CUST-EACFA02E82,billing,EU
REC-8d919c5b-4073,CUST-C2381279DE,identity,US-CA
REC-8d919c5b-4074,CUST-DF251778D2,support,NG
REC-8d919c5b-4075,CUST-499C03AC0A,billing,EU
REC-8d919c5b-4076,CUST-1EAB23A552,identity,US-CA
REC-8d919c5b-4077,CUST-B22847E762,support,NG
REC-8d919c5b-4078,CUST-C228D6526E,billing,EU
REC-8d919c5b-4079,CUST-B503D2C005,identity,US-CA
REC-8d919c5b-4080,CUST-9ED03F5945,support,NG
REC-8d919c5b-4081,CUST-C82F906789,billing,EU
REC-8d919c5b-4082,CUST-F77A54865B,identity,US-CA
REC-8d919c5b-4083,CUST-C6082CD507,support,NG
REC-8d919c5b-4084,CUST-43692DBE53,billing,EU
REC-8d919c5b-4085,CUST-D22C1E9144,identity,US-CA
REC-8d919c5b-4086,CUST-9C02236F42,support,NG
REC-8d919c5b-4087,CUST-D0BD3A9A63,billing,EU
REC-8d919c5b-4088,CUST-3607692818,identity,US-CA
REC-8d919c5b-4089,CUST-66F27A4F02,support,NG
REC-8d919c5b-4090,CUST-E62D972659,billing,EU
REC-8d919c5b-4091,CUST-63B9009E83,identity,US-CA
REC-8d919c5b-4092,CUST-9DB22E5CED,support,NG
REC-8d919c5b-4093,CUST-BEC9DBA7D9,billing,EU
REC-8d919c5b-4094,CUST-39B4B2D235,identity,US-CA
REC-8d919c5b-4095,CUST-910C5608A1,support,NG
REC-8d919c5b-4096,CUST-8B8A736980,billing,EU
REC-8d919c5b-4097,CUST-12F4A12CD4,identity,US-CA
REC-8d919c5b-4098,CUST-3AB3ABF769,support,NG
REC-8d919c5b-4099,CUST-30BC4F2A00,billing,EU
REC-8d919c5b-4100,CUST-412D8B8A18,identity,US-CA
REC-8d919c5b-4101,CUST-32E50DE64E,support,NG
REC-8d919c5b-4102,CUST-D09ED02BB3,billing,EU
REC-8d919c5b-4103,CUST-DBED0599D1,identity,US-CA
REC-8d919c5b-4104,CUST-4F7EF28313,support,NG
REC-8d919c5b-4105,CUST-A2AF8D70D6,billing,EU
REC-8d919c5b-4106,CUST-94A306FEAC,identity,US-CA
REC-8d919c5b-4107,CUST-87163324DF,support,NG
REC-8d919c5b-4108,CUST-74DAFFCFD1,billing,EU
REC-8d919c5b-4109,CUST-19178D9E20,identity,US-CA
REC-8d919c5b-4110,CUST-5B3941C687,support,NG
REC-8d919c5b-4111,CUST-33BC0082D7,billing,EU
REC-8d919c5b-4112,CUST-B183A63553,identity,US-CA
REC-8d919c5b-4113,CUST-7DD3B859B2,support,NG
REC-8d919c5b-4114,CUST-C08EBB2A2E,billing,EU
REC-8d919c5b-4115,CUST-03A2447788,identity,US-CA
REC-8d919c5b-4116,CUST-21D059A17D,support,NG
REC-8d919c5b-4117,CUST-A6CF2E01FB,billing,EU
REC-8d919c5b-4118,CUST-0CD746381D,identity,US-CA
REC-8d919c5b-4119,CUST-94F640D604,support,NG
REC-8d919c5b-4120,CUST-94D63F3AA3,billing,EU
REC-8d919c5b-4121,CUST-FC2DFF4FF1,identity,US-CA
REC-8d919c5b-4122,CUST-01047F6BF5,support,NG
REC-8d919c5b-4123,CUST-2217FBB163,billing,EU
REC-8d919c5b-4124,CUST-FF55E2FE61,identity,US-CA
REC-8d919c5b-4125,CUST-19192443BE,support,NG
REC-8d919c5b-4126,CUST-77D7FE35CC,billing,EU
REC-8d919c5b-4127,CUST-D4CAA44670,identity,US-CA
REC-8d919c5b-4128,CUST-1723C5BB6E,support,NG
REC-8d919c5b-4129,CUST-4E4C5B34A0,billing,EU
REC-8d919c5b-4130,CUST-B97FBAAE71,identity,US-CA
REC-8d919c5b-4131,CUST-AB3942A269,support,NG
REC-8d919c5b-4132,CUST-9B9883EA94,billing,EU
REC-8d919c5b-4133,CUST-15F86B7BD5,identity,US-CA
REC-8d919c5b-4134,CUST-19B2233A16,support,NG
REC-8d919c5b-4135,CUST-86AE0025CE,billing,EU
REC-8d919c5b-4136,CUST-A8877A485F,identity,US-CA
REC-8d919c5b-4137,CUST-8ADF83AA34,support,NG
REC-8d919c5b-4138,CUST-829ED0283D,billing,EU
REC-8d919c5b-4139,CUST-DD4D898147,identity,US-CA
REC-8d919c5b-4140,CUST-ED0326E3F0,support,NG
REC-8d919c5b-4141,CUST-D43F1CFD3E,billing,EU
REC-8d919c5b-4142,CUST-98694EE349,identity,US-CA
REC-8d919c5b-4143,CUST-8DDC13998C,support,NG
REC-8d919c5b-4144,CUST-8DD1414E24,billing,EU
REC-8d919c5b-4145,CUST-380C1C9A4F,identity,US-CA
REC-8d919c5b-4146,CUST-7547F00437,support,NG
REC-8d919c5b-4147,CUST-C23F2C90F9,billing,EU
REC-8d919c5b-4148,CUST-D41528D4E1,identity,US-CA
REC-8d919c5b-4149,CUST-F50BB01C36,support,NG
REC-8d919c5b-4150,CUST-BCEF413660,billing,EU
REC-8d919c5b-4151,CUST-C13A39E128,identity,US-CA
REC-8d919c5b-4152,CUST-908746B4C5,support,NG
REC-8d919c5b-4153,CUST-7C2BF86CAD,billing,EU
REC-8d919c5b-4154,CUST-315556E805,identity,US-CA
REC-8d919c5b-4155,CUST-BF3C7922DA,support,NG
REC-8d919c5b-4156,CUST-2C11A89741,billing,EU
REC-8d919c5b-4157,CUST-B3BA31EB7C,identity,US-CA
REC-8d919c5b-4158,CUST-13A8456BDC,support,NG
REC-8d919c5b-4159,CUST-D7D7EEB30F,billing,EU
REC-8d919c5b-4160,CUST-BC8EDF630F,identity,US-CA
REC-8d919c5b-4161,CUST-C7D9CC9114,support,NG
REC-8d919c5b-4162,CUST-1FDD40BBCD,billing,EU
REC-8d919c5b-4163,CUST-4AC8CF2BA5,identity,US-CA
REC-8d919c5b-4164,CUST-C6AC197999,support,NG
REC-8d919c5b-4165,CUST-7E44AB86BB,billing,EU
REC-8d919c5b-4166,CUST-88B0C1E71D,identity,US-CA
REC-8d919c5b-4167,CUST-56F01E8B4C,support,NG
REC-8d919c5b-4168,CUST-5C2D845B22,billing,EU
REC-8d919c5b-4169,CUST-DDE1282751,identity,US-CA
REC-8d919c5b-4170,CUST-E9DC79E8FE,support,NG
REC-8d919c5b-4171,CUST-652C206AA7,billing,EU
REC-8d919c5b-4172,CUST-6801EEA765,identity,US-CA
REC-8d919c5b-4173,CUST-4BE67233F9,support,NG
REC-8d919c5b-4174,CUST-D475621285,billing,EU
REC-8d919c5b-4175,CUST-750DB15369,identity,US-CA
REC-8d919c5b-4176,CUST-3BCD0641C2,support,NG
REC-8d919c5b-4177,CUST-4D5400E971,billing,EU
REC-8d919c5b-4178,CUST-E211D9FDF7,identity,US-CA
REC-8d919c5b-4179,CUST-5B158119CD,support,NG
REC-8d919c5b-4180,CUST-F9B549A5E1,billing,EU
REC-8d919c5b-4181,CUST-27E6675DE0,identity,US-CA
REC-8d919c5b-4182,CUST-B819C17510,support,NG
REC-8d919c5b-4183,CUST-230F164059,billing,EU
REC-8d919c5b-4184,CUST-1428C5D00D,identity,US-CA
REC-8d919c5b-4185,CUST-A9478EA9B6,support,NG
REC-8d919c5b-4186,CUST-6D68561E38,billing,EU
REC-8d919c5b-4187,CUST-ECB726667C,identity,US-CA
REC-8d919c5b-4188,CUST-BEB32BB914,support,NG
REC-8d919c5b-4189,CUST-1603529641,billing,EU
REC-8d919c5b-4190,CUST-9F97784092,identity,US-CA
REC-8d919c5b-4191,CUST-7147266BAE,support,NG
REC-8d919c5b-4192,CUST-4B8F3BA905,billing,EU
REC-8d919c5b-4193,CUST-4342B03BB1,identity,US-CA
REC-8d919c5b-4194,CUST-3EA7676B5F,support,NG
REC-8d919c5b-4195,CUST-0D09041A88,billing,EU
REC-8d919c5b-4196,CUST-02F9E53FFF,identity,US-CA
REC-8d919c5b-4197,CUST-F81C0AD4B0,support,NG
REC-8d919c5b-4198,CUST-E24CB0D7DE,billing,EU
REC-8d919c5b-4199,CUST-4EEA1F94C0,identity,US-CA
REC-8d919c5b-4200,CUST-39621809EF,support,NG
REC-8d919c5b-4201,CUST-049E95A6BC,billing,EU
REC-8d919c5b-4202,CUST-E82DF6B3B5,identity,US-CA
REC-8d919c5b-4203,CUST-CB0EDEB04C,support,NG
REC-8d919c5b-4204,CUST-D80AA234B7,billing,EU
REC-8d919c5b-4205,CUST-9EED17AC89,identity,US-CA
REC-8d919c5b-4206,CUST-ECCFF8B724,support,NG
REC-8d919c5b-4207,CUST-418EBAD33D,billing,EU
REC-8d919c5b-4208,CUST-6A954C4DFF,identity,US-CA
REC-8d919c5b-4209,CUST-54F3488BA2,support,NG
REC-8d919c5b-4210,CUST-2D5D2A8F9A,billing,EU
REC-8d919c5b-4211,CUST-A9762C6275,identity,US-CA
REC-8d919c5b-4212,CUST-CAE1EE1540,support,NG
REC-8d919c5b-4213,CUST-5680FA80BA,billing,EU
REC-8d919c5b-4214,CUST-127A0E5901,identity,US-CA
REC-8d919c5b-4215,CUST-E2764D8A3A,support,NG
REC-8d919c5b-4216,CUST-DB5AD25C68,billing,EU
REC-8d919c5b-4217,CUST-FE18B77A54,identity,US-CA
REC-8d919c5b-4218,CUST-D49A2644BD,support,NG
REC-8d919c5b-4219,CUST-92D4D1E6CD,billing,EU
REC-8d919c5b-4220,CUST-91449DB12D,identity,US-CA
REC-8d919c5b-4221,CUST-6581357B04,support,NG
REC-8d919c5b-4222,CUST-8BD0024A55,billing,EU
REC-8d919c5b-4223,CUST-FFB93683EB,identity,US-CA
REC-8d919c5b-4224,CUST-C843186109,support,NG
REC-8d919c5b-4225,CUST-56400AA082,billing,EU
REC-8d919c5b-4226,CUST-E81B40DF47,identity,US-CA
REC-8d919c5b-4227,CUST-FB0C0EA61A,support,NG
REC-8d919c5b-4228,CUST-F32582490B,billing,EU
REC-8d919c5b-4229,CUST-E7C293D65F,identity,US-CA
REC-8d919c5b-4230,CUST-238DD226AF,support,NG
REC-8d919c5b-4231,CUST-D81DE8FD78,billing,EU
REC-8d919c5b-4232,CUST-5A8E04E388,identity,US-CA
REC-8d919c5b-4233,CUST-AB2A4B8956,support,NG
REC-8d919c5b-4234,CUST-A1ADC53258,billing,EU
REC-8d919c5b-4235,CUST-C3ED870641,identity,US-CA
REC-8d919c5b-4236,CUST-1E6094413E,support,NG
REC-8d919c5b-4237,CUST-A3944B775E,billing,EU
REC-8d919c5b-4238,CUST-C09DD666B6,identity,US-CA
REC-8d919c5b-4239,CUST-E728AA0C5A,support,NG
REC-8d919c5b-4240,CUST-1B21924EC2,billing,EU
REC-8d919c5b-4241,CUST-58508361D8,identity,US-CA
REC-8d919c5b-4242,CUST-18000ABDDC,support,NG
REC-8d919c5b-4243,CUST-08E93C421D,billing,EU
REC-8d919c5b-4244,CUST-82D146F36B,identity,US-CA
REC-8d919c5b-4245,CUST-E590307448,support,NG
REC-8d919c5b-4246,CUST-C89D6BBF29,billing,EU
REC-8d919c5b-4247,CUST-6FE2EDB032,identity,US-CA
REC-8d919c5b-4248,CUST-60C6BC5508,support,NG
REC-8d919c5b-4249,CUST-D04CA81BE0,billing,EU
REC-8d919c5b-4250,CUST-8F10F418FA,identity,US-CA
REC-8d919c5b-4251,CUST-EA08B42280,support,NG
REC-8d919c5b-4252,CUST-E438F52CE0,billing,EU
REC-8d919c5b-4253,CUST-1E20009D42,identity,US-CA
REC-8d919c5b-4254,CUST-C70A8915E3,support,NG
REC-8d919c5b-4255,CUST-94CCEAB420,billing,EU
REC-8d919c5b-4256,CUST-51FE873DB3,identity,US-CA
REC-8d919c5b-4257,CUST-2321A8FD93,support,NG
REC-8d919c5b-4258,CUST-3ACC8DF6C8,billing,EU
REC-8d919c5b-4259,CUST-FED1A49989,identity,US-CA
REC-8d919c5b-4260,CUST-393DE3361C,support,NG
REC-8d919c5b-4261,CUST-D4AF88AB89,billing,EU
REC-8d919c5b-4262,CUST-A0752C1FA8,identity,US-CA
REC-8d919c5b-4263,CUST-57F8B32DFF,support,NG
REC-8d919c5b-4264,CUST-AA26C8C942,billing,EU
REC-8d919c5b-4265,CUST-5CEF10B45E,identity,US-CA
REC-8d919c5b-4266,CUST-4897AD746E,support,NG
REC-8d919c5b-4267,CUST-51D3B322EA,billing,EU
REC-8d919c5b-4268,CUST-7CA60073F4,identity,US-CA
REC-8d919c5b-4269,CUST-C25CC5A945,support,NG
REC-8d919c5b-4270,CUST-0A4ADFB69E,billing,EU
REC-8d919c5b-4271,CUST-CCCCEC7327,identity,US-CA
REC-8d919c5b-4272,CUST-62E9A0C448,support,NG
REC-8d919c5b-4273,CUST-78D2333C08,billing,EU
REC-8d919c5b-4274,CUST-79AD6A11C1,identity,US-CA
REC-8d919c5b-4275,CUST-3AFB4611BB,support,NG
REC-8d919c5b-4276,CUST-62B0C61201,billing,EU
REC-8d919c5b-4277,CUST-7AE47B4C2E,identity,US-CA
REC-8d919c5b-4278,CUST-9362C14EA9,support,NG
REC-8d919c5b-4279,CUST-6C03E3E252,billing,EU
REC-8d919c5b-4280,CUST-F8A507AF06,identity,US-CA
REC-8d919c5b-4281,CUST-5EE704DC56,support,NG
REC-8d919c5b-4282,CUST-D5F2728201,billing,EU
REC-8d919c5b-4283,CUST-D543710AC7,identity,US-CA
REC-8d919c5b-4284,CUST-7C35DE4E1A,support,NG
REC-8d919c5b-4285,CUST-37DA4DD5E3,billing,EU
REC-8d919c5b-4286,CUST-F89A52AC74,identity,US-CA
REC-8d919c5b-4287,CUST-AD911A14EF,support,NG
REC-8d919c5b-4288,CUST-0102DD2730,billing,EU
REC-8d919c5b-4289,CUST-3D93B230AC,identity,US-CA
REC-8d919c5b-4290,CUST-FE7F8A567D,support,NG
REC-8d919c5b-4291,CUST-58D21A2258,billing,EU
REC-8d919c5b-4292,CUST-A5C24CAD54,identity,US-CA
REC-8d919c5b-4293,CUST-2DF5DA8E3C,support,NG
REC-8d919c5b-4294,CUST-9A17656212,billing,EU
REC-8d919c5b-4295,CUST-69233C2915,identity,US-CA
REC-8d919c5b-4296,CUST-26F57AF2D9,support,NG
REC-8d919c5b-4297,CUST-7CFB708CDA,billing,EU
REC-8d919c5b-4298,CUST-D19B608B0F,identity,US-CA
REC-8d919c5b-4299,CUST-671DF142CC,support,NG
REC-8d919c5b-4300,CUST-5EE4D3F1E5,billing,EU
REC-8d919c5b-4301,CUST-5243314AD1,identity,US-CA
REC-8d919c5b-4302,CUST-32F254CA2A,support,NG
REC-8d919c5b-4303,CUST-1FBC802FFA,billing,EU
REC-8d919c5b-4304,CUST-35A4305B57,identity,US-CA
REC-8d919c5b-4305,CUST-376EAF5055,support,NG
REC-8d919c5b-4306,CUST-9F4991AB23,billing,EU
REC-8d919c5b-4307,CUST-2BD26B938F,identity,US-CA
REC-8d919c5b-4308,CUST-DA47909DA4,support,NG
REC-8d919c5b-4309,CUST-DEB2647FA0,billing,EU
REC-8d919c5b-4310,CUST-BEC5D85839,identity,US-CA
REC-8d919c5b-4311,CUST-E46228C5C8,support,NG
REC-8d919c5b-4312,CUST-02D8B213AC,billing,EU
REC-8d919c5b-4313,CUST-072BE3C9FC,identity,US-CA
REC-8d919c5b-4314,CUST-F072970AEB,support,NG
REC-8d919c5b-4315,CUST-09810700DA,billing,EU
REC-8d919c5b-4316,CUST-E3BEA949EE,identity,US-CA
REC-8d919c5b-4317,CUST-008A1B74DD,support,NG
REC-8d919c5b-4318,CUST-463387BDBB,billing,EU
REC-8d919c5b-4319,CUST-7B485C1CBD,identity,US-CA
REC-8d919c5b-4320,CUST-EA6FBE3D55,support,NG
REC-8d919c5b-4321,CUST-446BC6E941,billing,EU
REC-8d919c5b-4322,CUST-856ED6F7CB,identity,US-CA
REC-8d919c5b-4323,CUST-8FA4B41FD5,support,NG
REC-8d919c5b-4324,CUST-89C65C49A2,billing,EU
REC-8d919c5b-4325,CUST-B7FD7F7164,identity,US-CA
REC-8d919c5b-4326,CUST-2BC1D1DFDB,support,NG
REC-8d919c5b-4327,CUST-C322C96410,billing,EU
REC-8d919c5b-4328,CUST-61AC4F7F32,identity,US-CA
REC-8d919c5b-4329,CUST-B3DE1484E7,support,NG
REC-8d919c5b-4330,CUST-140CAA3A41,billing,EU
REC-8d919c5b-4331,CUST-C1FEA65B0B,identity,US-CA
REC-8d919c5b-4332,CUST-7317203BA8,support,NG
REC-8d919c5b-4333,CUST-2C4343C921,billing,EU
REC-8d919c5b-4334,CUST-CABFA0F06F,identity,US-CA
REC-8d919c5b-4335,CUST-098D54688F,support,NG
REC-8d919c5b-4336,CUST-E3843B033C,billing,EU
REC-8d919c5b-4337,CUST-6533D45361,identity,US-CA
REC-8d919c5b-4338,CUST-AE90FEEBE2,support,NG
REC-8d919c5b-4339,CUST-DF468AA834,billing,EU
REC-8d919c5b-4340,CUST-24520A8A3F,identity,US-CA
REC-8d919c5b-4341,CUST-77376D090C,support,NG
REC-8d919c5b-4342,CUST-E83824F611,billing,EU
REC-8d919c5b-4343,CUST-D8D2D4F75F,identity,US-CA
REC-8d919c5b-4344,CUST-BD5FAC86E3,support,NG
REC-8d919c5b-4345,CUST-35F3D07A8E,billing,EU
REC-8d919c5b-4346,CUST-9A4887D5E5,identity,US-CA
REC-8d919c5b-4347,CUST-C041BC6484,support,NG
REC-8d919c5b-4348,CUST-AEAAF8E88A,billing,EU
REC-8d919c5b-4349,CUST-E081864FC1,identity,US-CA
REC-8d919c5b-4350,CUST-3E70919E56,support,NG
REC-8d919c5b-4351,CUST-C9EF6B620F,billing,EU
REC-8d919c5b-4352,CUST-0ACAF3FBCD,identity,US-CA
REC-8d919c5b-4353,CUST-F2AE674825,support,NG
REC-8d919c5b-4354,CUST-828D0D0CEB,billing,EU
REC-8d919c5b-4355,CUST-3DC5FE75FA,identity,US-CA
REC-8d919c5b-4356,CUST-55E7715500,support,NG
REC-8d919c5b-4357,CUST-E410715455,billing,EU
REC-8d919c5b-4358,CUST-016E78C5C0,identity,US-CA
REC-8d919c5b-4359,CUST-A43A62CC1A,support,NG
REC-8d919c5b-4360,CUST-9A01D4F33D,billing,EU
REC-8d919c5b-4361,CUST-CEB0994F78,identity,US-CA
REC-8d919c5b-4362,CUST-ADCE096B41,support,NG
REC-8d919c5b-4363,CUST-4C9D3F523F,billing,EU
REC-8d919c5b-4364,CUST-84D37A3812,identity,US-CA
REC-8d919c5b-4365,CUST-28F05EDFE8,support,NG
REC-8d919c5b-4366,CUST-B84E8C86E8,billing,EU
REC-8d919c5b-4367,CUST-CF996A0017,identity,US-CA
REC-8d919c5b-4368,CUST-74F56C6D25,support,NG
REC-8d919c5b-4369,CUST-3F468C1151,billing,EU
REC-8d919c5b-4370,CUST-6A5EEFD9CD,identity,US-CA
REC-8d919c5b-4371,CUST-4C4D725522,support,NG
REC-8d919c5b-4372,CUST-B948B6847C,billing,EU
REC-8d919c5b-4373,CUST-8440BCD132,identity,US-CA
REC-8d919c5b-4374,CUST-8BC27F5FB8,support,NG
REC-8d919c5b-4375,CUST-A8CFC7006C,billing,EU
REC-8d919c5b-4376,CUST-A9CAE67BF5,identity,US-CA
REC-8d919c5b-4377,CUST-029A377B68,support,NG
REC-8d919c5b-4378,CUST-CD36939424,billing,EU
REC-8d919c5b-4379,CUST-91EBB51BDE,identity,US-CA
REC-8d919c5b-4380,CUST-53DBB31184,support,NG
REC-8d919c5b-4381,CUST-76EBDE7F85,billing,EU
REC-8d919c5b-4382,CUST-991AF096AA,identity,US-CA
REC-8d919c5b-4383,CUST-D6A4DEBBCB,support,NG
REC-8d919c5b-4384,CUST-E49FAEEBA0,billing,EU
REC-8d919c5b-4385,CUST-7F200FECBB,identity,US-CA
REC-8d919c5b-4386,CUST-4A33D5E91C,support,NG
REC-8d919c5b-4387,CUST-4CC64BAF0A,billing,EU
REC-8d919c5b-4388,CUST-87B176ECFF,identity,US-CA
REC-8d919c5b-4389,CUST-059D5C37B1,support,NG
REC-8d919c5b-4390,CUST-18B9F20EFF,billing,EU
REC-8d919c5b-4391,CUST-AD03D42A96,identity,US-CA
REC-8d919c5b-4392,CUST-8ECAB76D4C,support,NG
REC-8d919c5b-4393,CUST-CFAFE5F13A,billing,EU
REC-8d919c5b-4394,CUST-1E09836D50,identity,US-CA
REC-8d919c5b-4395,CUST-1197ACDF44,support,NG
REC-8d919c5b-4396,CUST-8575BD21B8,billing,EU
REC-8d919c5b-4397,CUST-FA28D03930,identity,US-CA
REC-8d919c5b-4398,CUST-F5C8D5A910,support,NG
REC-8d919c5b-4399,CUST-8CB9768C43,billing,EU
REC-8d919c5b-4400,CUST-FB6747580A,identity,US-CA
REC-8d919c5b-4401,CUST-60FC6F8896,support,NG
REC-8d919c5b-4402,CUST-FF9EC73750,billing,EU
REC-8d919c5b-4403,CUST-600A3D1175,identity,US-CA
REC-8d919c5b-4404,CUST-E04B69947D,support,NG
REC-8d919c5b-4405,CUST-1B492B7BBD,billing,EU
REC-8d919c5b-4406,CUST-C23CD912DE,identity,US-CA
REC-8d919c5b-4407,CUST-A54F3A3A4D,support,NG
REC-8d919c5b-4408,CUST-DA5347F38A,billing,EU
REC-8d919c5b-4409,CUST-E680DC0E43,identity,US-CA
REC-8d919c5b-4410,CUST-36028EE7DE,support,NG
REC-8d919c5b-4411,CUST-965DBE29E2,billing,EU
REC-8d919c5b-4412,CUST-CA25326FF8,identity,US-CA
REC-8d919c5b-4413,CUST-A550E20CD2,support,NG
REC-8d919c5b-4414,CUST-4467CE1668,billing,EU
REC-8d919c5b-4415,CUST-2A5160DCB0,identity,US-CA
REC-8d919c5b-4416,CUST-1B1C3E936B,support,NG
REC-8d919c5b-4417,CUST-B252EB2BF8,billing,EU
REC-8d919c5b-4418,CUST-E2A795A115,identity,US-CA
REC-8d919c5b-4419,CUST-B886B60AF8,support,NG
REC-8d919c5b-4420,CUST-83B988B49C,billing,EU
REC-8d919c5b-4421,CUST-9E680AFF97,identity,US-CA
REC-8d919c5b-4422,CUST-8A844DA99B,support,NG
REC-8d919c5b-4423,CUST-930AEF4EB9,billing,EU
REC-8d919c5b-4424,CUST-A40FC4CB46,identity,US-CA
REC-8d919c5b-4425,CUST-91C57A018B,support,NG
REC-8d919c5b-4426,CUST-41876E97B6,billing,EU
REC-8d919c5b-4427,CUST-51DBB44BAC,identity,US-CA
REC-8d919c5b-4428,CUST-633AF2DF58,support,NG
REC-8d919c5b-4429,CUST-ACD442410F,billing,EU
REC-8d919c5b-4430,CUST-5626B60676,identity,US-CA
REC-8d919c5b-4431,CUST-86188576D1,support,NG
REC-8d919c5b-4432,CUST-7FE259B7F6,billing,EU
REC-8d919c5b-4433,CUST-B817E8AAEA,identity,US-CA
REC-8d919c5b-4434,CUST-2F44D77D7F,support,NG
REC-8d919c5b-4435,CUST-384484349F,billing,EU
REC-8d919c5b-4436,CUST-7C5AB4BD33,identity,US-CA
REC-8d919c5b-4437,CUST-333960DA1B,support,NG
REC-8d919c5b-4438,CUST-2DBA1EA577,billing,EU
REC-8d919c5b-4439,CUST-ABDE2FDA5F,identity,US-CA
REC-8d919c5b-4440,CUST-DB5503EB74,support,NG
REC-8d919c5b-4441,CUST-62422B10AF,billing,EU
REC-8d919c5b-4442,CUST-360825191D,identity,US-CA
REC-8d919c5b-4443,CUST-634F20F282,support,NG
REC-8d919c5b-4444,CUST-6D470A62F9,billing,EU
REC-8d919c5b-4445,CUST-ED42128ACB,identity,US-CA
REC-8d919c5b-4446,CUST-75DCA403E1,support,NG
REC-8d919c5b-4447,CUST-4E219C0F09,billing,EU
REC-8d919c5b-4448,CUST-6FBEC183C2,identity,US-CA
REC-8d919c5b-4449,CUST-92B8854D4C,support,NG
REC-8d919c5b-4450,CUST-8D17B6BA79,billing,EU
REC-8d919c5b-4451,CUST-1B41468CAC,identity,US-CA
REC-8d919c5b-4452,CUST-491433C8C5,support,NG
REC-8d919c5b-4453,CUST-3F392661F8,billing,EU
REC-8d919c5b-4454,CUST-DF56FFDE4F,identity,US-CA
REC-8d919c5b-4455,CUST-FB6E23B70D,support,NG
REC-8d919c5b-4456,CUST-6C1D67F578,billing,EU
REC-8d919c5b-4457,CUST-72F340497B,identity,US-CA
REC-8d919c5b-4458,CUST-7535A89E6F,support,NG
REC-8d919c5b-4459,CUST-689A3E6B74,billing,EU
REC-8d919c5b-4460,CUST-2D8604B667,identity,US-CA
REC-8d919c5b-4461,CUST-465795EDC1,support,NG
REC-8d919c5b-4462,CUST-DDF0500AD8,billing,EU
REC-8d919c5b-4463,CUST-EC5EAB763B,identity,US-CA
REC-8d919c5b-4464,CUST-21D44D8A87,support,NG
REC-8d919c5b-4465,CUST-04F1024E29,billing,EU
REC-8d919c5b-4466,CUST-C632294DC1,identity,US-CA
REC-8d919c5b-4467,CUST-708BE71677,support,NG
REC-8d919c5b-4468,CUST-80DC716D53,billing,EU
REC-8d919c5b-4469,CUST-D49AFD2AC1,identity,US-CA
REC-8d919c5b-4470,CUST-3A3DFF7658,support,NG
REC-8d919c5b-4471,CUST-0A07868867,billing,EU
REC-8d919c5b-4472,CUST-949934FE0C,identity,US-CA
REC-8d919c5b-4473,CUST-D4C0102538,support,NG
REC-8d919c5b-4474,CUST-2EE2E48013,billing,EU
REC-8d919c5b-4475,CUST-7A09F18786,identity,US-CA
REC-8d919c5b-4476,CUST-1D22EC2B3E,support,NG
REC-8d919c5b-4477,CUST-00BC724444,billing,EU
REC-8d919c5b-4478,CUST-F5A4F63FCF,identity,US-CA
REC-8d919c5b-4479,CUST-D7337841A3,support,NG
REC-8d919c5b-4480,CUST-5B08E037C9,billing,EU
REC-8d919c5b-4481,CUST-E1D2C3263B,identity,US-CA
REC-8d919c5b-4482,CUST-E1B7A4FCD9,support,NG
REC-8d919c5b-4483,CUST-E948B114D9,billing,EU
REC-8d919c5b-4484,CUST-454E07F43E,identity,US-CA
REC-8d919c5b-4485,CUST-D4902ECEAE,support,NG
REC-8d919c5b-4486,CUST-D1C2CD5EA3,billing,EU
REC-8d919c5b-4487,CUST-D90E76E3B8,identity,US-CA
REC-8d919c5b-4488,CUST-31B29F23DF,support,NG
REC-8d919c5b-4489,CUST-59201F5249,billing,EU
REC-8d919c5b-4490,CUST-79908963B6,identity,US-CA
REC-8d919c5b-4491,CUST-A2D29A91D4,support,NG
REC-8d919c5b-4492,CUST-A89518814C,billing,EU
REC-8d919c5b-4493,CUST-6D2F34C7B3,identity,US-CA
REC-8d919c5b-4494,CUST-AB43EB3BF7,support,NG
REC-8d919c5b-4495,CUST-6BB3F5D303,billing,EU
REC-8d919c5b-4496,CUST-0E14F7F36E,identity,US-CA
REC-8d919c5b-4497,CUST-59D869B7EC,support,NG
REC-8d919c5b-4498,CUST-21603B33D8,billing,EU
REC-8d919c5b-4499,CUST-8A8531978B,identity,US-CA
REC-8d919c5b-4500,CUST-C649ACB35B,support,NG
REC-8d919c5b-4501,CUST-18BFB30D32,billing,EU
REC-8d919c5b-4502,CUST-3F0D63EC94,identity,US-CA
REC-8d919c5b-4503,CUST-A0842E6B86,support,NG
REC-8d919c5b-4504,CUST-4799DF0577,billing,EU
REC-8d919c5b-4505,CUST-090FBBB793,identity,US-CA
REC-8d919c5b-4506,CUST-2477D19945,support,NG
REC-8d919c5b-4507,CUST-56F51E7866,billing,EU
REC-8d919c5b-4508,CUST-A0AB0DB7F5,identity,US-CA
REC-8d919c5b-4509,CUST-A161F28118,support,NG
REC-8d919c5b-4510,CUST-16C038B2E7,billing,EU
REC-8d919c5b-4511,CUST-DF09A9ECCB,identity,US-CA
REC-8d919c5b-4512,CUST-9E6D008495,support,NG
REC-8d919c5b-4513,CUST-473A93B302,billing,EU
REC-8d919c5b-4514,CUST-B1996D67C9,identity,US-CA
REC-8d919c5b-4515,CUST-70D700FC59,support,NG
REC-8d919c5b-4516,CUST-95871089AC,billing,EU
REC-8d919c5b-4517,CUST-D57F7F2941,identity,US-CA
REC-8d919c5b-4518,CUST-EB11CC8976,support,NG
REC-8d919c5b-4519,CUST-38108B341F,billing,EU
REC-8d919c5b-4520,CUST-96EE2C0C25,identity,US-CA
REC-8d919c5b-4521,CUST-4FB00556E9,support,NG
REC-8d919c5b-4522,CUST-1457D86CD7,billing,EU
REC-8d919c5b-4523,CUST-D665715EA0,identity,US-CA
REC-8d919c5b-4524,CUST-E091B21609,support,NG
REC-8d919c5b-4525,CUST-1D603C6BAF,billing,EU
REC-8d919c5b-4526,CUST-9FD25549BC,identity,US-CA
REC-8d919c5b-4527,CUST-5C49B232F3,support,NG
REC-8d919c5b-4528,CUST-1CEEEF5CAC,billing,EU
REC-8d919c5b-4529,CUST-078EC0CEEF,identity,US-CA
REC-8d919c5b-4530,CUST-C15E2C2279,support,NG
REC-8d919c5b-4531,CUST-642F17FB30,billing,EU
REC-8d919c5b-4532,CUST-2255F96AB2,identity,US-CA
REC-8d919c5b-4533,CUST-A63B4F6402,support,NG
REC-8d919c5b-4534,CUST-46B9D60929,billing,EU
REC-8d919c5b-4535,CUST-D432FA3F53,identity,US-CA
REC-8d919c5b-4536,CUST-5D5FA4BD67,support,NG
REC-8d919c5b-4537,CUST-FA22933C48,billing,EU
REC-8d919c5b-4538,CUST-03189B008B,identity,US-CA
REC-8d919c5b-4539,CUST-6F40AEDD51,support,NG
REC-8d919c5b-4540,CUST-3F4D51291C,billing,EU
REC-8d919c5b-4541,CUST-0280C0C246,identity,US-CA
REC-8d919c5b-4542,CUST-AA3E6594F6,support,NG
REC-8d919c5b-4543,CUST-5361747317,billing,EU
REC-8d919c5b-4544,CUST-D5CD07038C,identity,US-CA
REC-8d919c5b-4545,CUST-EAA8C3DC29,support,NG
REC-8d919c5b-4546,CUST-3AF44C8503,billing,EU
REC-8d919c5b-4547,CUST-4B455F32AB,identity,US-CA
REC-8d919c5b-4548,CUST-8988FAD04D,support,NG
REC-8d919c5b-4549,CUST-701EB7CC00,billing,EU
REC-8d919c5b-4550,CUST-2A801FB0E8,identity,US-CA
REC-8d919c5b-4551,CUST-54962F0FE2,support,NG
REC-8d919c5b-4552,CUST-599070120D,billing,EU
REC-8d919c5b-4553,CUST-5A739DA648,identity,US-CA
REC-8d919c5b-4554,CUST-9DD55B7A54,support,NG
REC-8d919c5b-4555,CUST-AB4B7936A4,billing,EU
REC-8d919c5b-4556,CUST-4B0DF63DB3,identity,US-CA
REC-8d919c5b-4557,CUST-C056C4B468,support,NG
REC-8d919c5b-4558,CUST-B09EB67F3A,billing,EU
REC-8d919c5b-4559,CUST-5057C333A8,identity,US-CA
REC-8d919c5b-4560,CUST-A6CC7F9802,support,NG
REC-8d919c5b-4561,CUST-7ACBA6BE28,billing,EU
REC-8d919c5b-4562,CUST-4BEAFE57B6,identity,US-CA
REC-8d919c5b-4563,CUST-E5245BAB17,support,NG
REC-8d919c5b-4564,CUST-DCD8C5A0BB,billing,EU
REC-8d919c5b-4565,CUST-467E3771ED,identity,US-CA
REC-8d919c5b-4566,CUST-982C3F5BCD,support,NG
REC-8d919c5b-4567,CUST-F4320C5501,billing,EU
REC-8d919c5b-4568,CUST-5BCA54A595,identity,US-CA
REC-8d919c5b-4569,CUST-D62DF4DA65,support,NG
REC-8d919c5b-4570,CUST-D4A466D478,billing,EU
REC-8d919c5b-4571,CUST-C3AFF1FF60,identity,US-CA
REC-8d919c5b-4572,CUST-A2A9289D98,support,NG
REC-8d919c5b-4573,CUST-4BDB33C8AB,billing,EU
REC-8d919c5b-4574,CUST-8DD10DAC43,identity,US-CA
REC-8d919c5b-4575,CUST-1A8E08BD8E,support,NG
REC-8d919c5b-4576,CUST-EEB19F57BF,billing,EU
REC-8d919c5b-4577,CUST-AC587A56F1,identity,US-CA
REC-8d919c5b-4578,CUST-26C685DE01,support,NG
REC-8d919c5b-4579,CUST-2A9CB6724F,billing,EU
REC-8d919c5b-4580,CUST-45BFB86489,identity,US-CA
REC-8d919c5b-4581,CUST-553CE65AD0,support,NG
REC-8d919c5b-4582,CUST-93CF1FFFDC,billing,EU
REC-8d919c5b-4583,CUST-FD6CCF6212,identity,US-CA
REC-8d919c5b-4584,CUST-5B0F6907D9,support,NG
REC-8d919c5b-4585,CUST-11995D3AD0,billing,EU
REC-8d919c5b-4586,CUST-B47FCF5E40,identity,US-CA
REC-8d919c5b-4587,CUST-44324D22D7,support,NG
REC-8d919c5b-4588,CUST-14CF17B721,billing,EU
REC-8d919c5b-4589,CUST-84AA6A7AD5,identity,US-CA
REC-8d919c5b-4590,CUST-43F8A751AC,support,NG
REC-8d919c5b-4591,CUST-AE3CDE4810,billing,EU
REC-8d919c5b-4592,CUST-7C25B9C18D,identity,US-CA
REC-8d919c5b-4593,CUST-5C295CE756,support,NG
REC-8d919c5b-4594,CUST-C2D3A7A6D2,billing,EU
REC-8d919c5b-4595,CUST-F397EA1CA5,identity,US-CA
REC-8d919c5b-4596,CUST-77DE9DE4E9,support,NG
REC-8d919c5b-4597,CUST-EEB639E534,billing,EU
REC-8d919c5b-4598,CUST-B967E5B569,identity,US-CA
REC-8d919c5b-4599,CUST-431EA3AF99,support,NG
REC-8d919c5b-4600,CUST-21145D34BF,billing,EU
REC-8d919c5b-4601,CUST-16BDF69936,identity,US-CA
REC-8d919c5b-4602,CUST-4A1E610E54,support,NG
REC-8d919c5b-4603,CUST-F68F1C21E3,billing,EU
REC-8d919c5b-4604,CUST-0D96997204,identity,US-CA
REC-8d919c5b-4605,CUST-C6AD73F05D,support,NG
REC-8d919c5b-4606,CUST-4D325AA4DA,billing,EU
REC-8d919c5b-4607,CUST-C9CE474064,identity,US-CA
REC-8d919c5b-4608,CUST-B29F40E15F,support,NG
REC-8d919c5b-4609,CUST-097122357A,billing,EU
REC-8d919c5b-4610,CUST-3E3A541BB6,identity,US-CA
REC-8d919c5b-4611,CUST-375BA44425,support,NG
REC-8d919c5b-4612,CUST-2B7B4C09D0,billing,EU
REC-8d919c5b-4613,CUST-5A1D9E2AFF,identity,US-CA
REC-8d919c5b-4614,CUST-1D81A00766,support,NG
REC-8d919c5b-4615,CUST-2D5AAA09E9,billing,EU
REC-8d919c5b-4616,CUST-AC0D968560,identity,US-CA
REC-8d919c5b-4617,CUST-E1210DE033,support,NG
REC-8d919c5b-4618,CUST-48AC945662,billing,EU
REC-8d919c5b-4619,CUST-FF80241BBE,identity,US-CA
REC-8d919c5b-4620,CUST-F7962B8012,support,NG
REC-8d919c5b-4621,CUST-5CAAECB8C5,billing,EU
REC-8d919c5b-4622,CUST-408533F350,identity,US-CA
REC-8d919c5b-4623,CUST-C24D2CA6A2,support,NG
REC-8d919c5b-4624,CUST-1D50D2EE07,billing,EU
REC-8d919c5b-4625,CUST-066EF48742,identity,US-CA
REC-8d919c5b-4626,CUST-90011906C2,support,NG
REC-8d919c5b-4627,CUST-F752E2B8FC,billing,EU
REC-8d919c5b-4628,CUST-BD3B6690F3,identity,US-CA
REC-8d919c5b-4629,CUST-BCDF2C2D82,support,NG
REC-8d919c5b-4630,CUST-B04F47904B,billing,EU
REC-8d919c5b-4631,CUST-41C9C02773,identity,US-CA
REC-8d919c5b-4632,CUST-19E1560C0D,support,NG
REC-8d919c5b-4633,CUST-88925B3932,billing,EU
REC-8d919c5b-4634,CUST-50E9A15D4E,identity,US-CA
REC-8d919c5b-4635,CUST-1C54D56D9B,support,NG
REC-8d919c5b-4636,CUST-716CA3FB45,billing,EU
REC-8d919c5b-4637,CUST-741C82ACA0,identity,US-CA
REC-8d919c5b-4638,CUST-9453123B53,support,NG
REC-8d919c5b-4639,CUST-332F517FB7,billing,EU
REC-8d919c5b-4640,CUST-7CE1913E95,identity,US-CA
REC-8d919c5b-4641,CUST-F666D1C282,support,NG
REC-8d919c5b-4642,CUST-F0F8B29D34,billing,EU
REC-8d919c5b-4643,CUST-78E4A4DD0C,identity,US-CA
REC-8d919c5b-4644,CUST-D12F553D10,support,NG
REC-8d919c5b-4645,CUST-284D18ED0C,billing,EU
REC-8d919c5b-4646,CUST-9C69C9966D,identity,US-CA
REC-8d919c5b-4647,CUST-5974EEDE8E,support,NG
REC-8d919c5b-4648,CUST-D130D30EFF,billing,EU
REC-8d919c5b-4649,CUST-032C9EFFFD,identity,US-CA
REC-8d919c5b-4650,CUST-CDB1DD62F0,support,NG
REC-8d919c5b-4651,CUST-60967D1979,billing,EU
REC-8d919c5b-4652,CUST-EB1A50879C,identity,US-CA
REC-8d919c5b-4653,CUST-04C6B797E9,support,NG
REC-8d919c5b-4654,CUST-537748B8B6,billing,EU
REC-8d919c5b-4655,CUST-4B678CBBBC,identity,US-CA
REC-8d919c5b-4656,CUST-B98B5193ED,support,NG
REC-8d919c5b-4657,CUST-61D19CC787,billing,EU
REC-8d919c5b-4658,CUST-3332924F48,identity,US-CA
REC-8d919c5b-4659,CUST-3880D7703A,support,NG
REC-8d919c5b-4660,CUST-E894D64508,billing,EU
REC-8d919c5b-4661,CUST-68E8826435,identity,US-CA
REC-8d919c5b-4662,CUST-88FE983AB3,support,NG
REC-8d919c5b-4663,CUST-0C8FC33F93,billing,EU
REC-8d919c5b-4664,CUST-FAD47EB0C6,identity,US-CA
REC-8d919c5b-4665,CUST-3D88767D27,support,NG
REC-8d919c5b-4666,CUST-3D49C4A2A7,billing,EU
REC-8d919c5b-4667,CUST-798A037574,identity,US-CA
REC-8d919c5b-4668,CUST-C82AA6F137,support,NG
REC-8d919c5b-4669,CUST-B82FD23CC5,billing,EU
REC-8d919c5b-4670,CUST-421A7488D7,identity,US-CA
REC-8d919c5b-4671,CUST-6422917612,support,NG
REC-8d919c5b-4672,CUST-D160DFE03D,billing,EU
REC-8d919c5b-4673,CUST-BFC508E23E,identity,US-CA
REC-8d919c5b-4674,CUST-F829E8785F,support,NG
REC-8d919c5b-4675,CUST-8671F5D824,billing,EU
REC-8d919c5b-4676,CUST-318892D54C,identity,US-CA
REC-8d919c5b-4677,CUST-B2D2D81782,support,NG
REC-8d919c5b-4678,CUST-DACBD91806,billing,EU
REC-8d919c5b-4679,CUST-904C16DD66,identity,US-CA
REC-8d919c5b-4680,CUST-C2493EFB24,support,NG
REC-8d919c5b-4681,CUST-27D31DBD92,billing,EU
REC-8d919c5b-4682,CUST-996CFB771C,identity,US-CA
REC-8d919c5b-4683,CUST-34CDA3E294,support,NG
REC-8d919c5b-4684,CUST-2538BAEAA4,billing,EU
REC-8d919c5b-4685,CUST-AC6B29881E,identity,US-CA
REC-8d919c5b-4686,CUST-6BE4A18B2A,support,NG
REC-8d919c5b-4687,CUST-3B19331215,billing,EU
REC-8d919c5b-4688,CUST-9DD2781A24,identity,US-CA
REC-8d919c5b-4689,CUST-7E71338071,support,NG
REC-8d919c5b-4690,CUST-C555FA555D,billing,EU
REC-8d919c5b-4691,CUST-EE4B028809,identity,US-CA
REC-8d919c5b-4692,CUST-E0E83885D5,support,NG
REC-8d919c5b-4693,CUST-DC81B1B4B7,billing,EU
REC-8d919c5b-4694,CUST-5AA2099C76,identity,US-CA
REC-8d919c5b-4695,CUST-EAA5B3AED5,support,NG
REC-8d919c5b-4696,CUST-6803C2CF7C,billing,EU
REC-8d919c5b-4697,CUST-292ED871AF,identity,US-CA
REC-8d919c5b-4698,CUST-F446AE869C,support,NG
REC-8d919c5b-4699,CUST-1A01302602,billing,EU
REC-8d919c5b-4700,CUST-F66F9DCC97,identity,US-CA
REC-8d919c5b-4701,CUST-6F69B080EF,support,NG
REC-8d919c5b-4702,CUST-7CC0419136,billing,EU
REC-8d919c5b-4703,CUST-BE4C42F954,identity,US-CA
REC-8d919c5b-4704,CUST-BD2355B58B,support,NG
REC-8d919c5b-4705,CUST-3F9EE8DD19,billing,EU
REC-8d919c5b-4706,CUST-8FBF83B1F2,identity,US-CA
REC-8d919c5b-4707,CUST-40D8E1E12E,support,NG
REC-8d919c5b-4708,CUST-C8E54C22EE,billing,EU
REC-8d919c5b-4709,CUST-0F649B722D,identity,US-CA
REC-8d919c5b-4710,CUST-ABEC9DD417,support,NG
REC-8d919c5b-4711,CUST-79C32A1275,billing,EU
REC-8d919c5b-4712,CUST-7FC77D16C8,identity,US-CA
REC-8d919c5b-4713,CUST-934670455C,support,NG
REC-8d919c5b-4714,CUST-CFDE85E22C,billing,EU
REC-8d919c5b-4715,CUST-928F1B51E9,identity,US-CA
REC-8d919c5b-4716,CUST-BE79843BB8,support,NG
REC-8d919c5b-4717,CUST-20B3A0FAEA,billing,EU
REC-8d919c5b-4718,CUST-74C0105C40,identity,US-CA
REC-8d919c5b-4719,CUST-73C210A520,support,NG
REC-8d919c5b-4720,CUST-DB46CA3B82,billing,EU
REC-8d919c5b-4721,CUST-9C48D6551F,identity,US-CA
REC-8d919c5b-4722,CUST-3C873DD6BA,support,NG
REC-8d919c5b-4723,CUST-0EB753042D,billing,EU
REC-8d919c5b-4724,CUST-957348F5FD,identity,US-CA
REC-8d919c5b-4725,CUST-5F56D7C919,support,NG
REC-8d919c5b-4726,CUST-D631A9216D,billing,EU
REC-8d919c5b-4727,CUST-4B2BF562C3,identity,US-CA
REC-8d919c5b-4728,CUST-8F0271710F,support,NG
REC-8d919c5b-4729,CUST-5327B4341B,billing,EU
REC-8d919c5b-4730,CUST-38CC009AC3,identity,US-CA
REC-8d919c5b-4731,CUST-8796E10686,support,NG
REC-8d919c5b-4732,CUST-6A80CC1FF7,billing,EU
REC-8d919c5b-4733,CUST-798FE358BE,identity,US-CA
REC-8d919c5b-4734,CUST-39FB3219C0,support,NG
REC-8d919c5b-4735,CUST-8D62CDE5B1,billing,EU
REC-8d919c5b-4736,CUST-9E1D96B5EF,identity,US-CA
REC-8d919c5b-4737,CUST-9FC9334380,support,NG
REC-8d919c5b-4738,CUST-610B8B22F9,billing,EU
REC-8d919c5b-4739,CUST-41E8DD7487,identity,US-CA
REC-8d919c5b-4740,CUST-7AD7B0B7E2,support,NG
REC-8d919c5b-4741,CUST-F3ACBA68FA,billing,EU
REC-8d919c5b-4742,CUST-0847F9703A,identity,US-CA
REC-8d919c5b-4743,CUST-0184127776,support,NG
REC-8d919c5b-4744,CUST-13F5F185E0,billing,EU
REC-8d919c5b-4745,CUST-E45337BCE4,identity,US-CA
REC-8d919c5b-4746,CUST-807D1E6556,support,NG
REC-8d919c5b-4747,CUST-B5F4DBF26E,billing,EU
REC-8d919c5b-4748,CUST-4608036948,identity,US-CA
REC-8d919c5b-4749,CUST-27ECC22799,support,NG
REC-8d919c5b-4750,CUST-E6577915E3,billing,EU
REC-8d919c5b-4751,CUST-E6A04D062C,identity,US-CA
REC-8d919c5b-4752,CUST-B7FC04E172,support,NG
REC-8d919c5b-4753,CUST-5F10207204,billing,EU
REC-8d919c5b-4754,CUST-FACCA5DF00,identity,US-CA
REC-8d919c5b-4755,CUST-45739811BE,support,NG
REC-8d919c5b-4756,CUST-37BB5BCB9F,billing,EU
REC-8d919c5b-4757,CUST-055BEFBFEA,identity,US-CA
REC-8d919c5b-4758,CUST-582864A730,support,NG
REC-8d919c5b-4759,CUST-DB3E5A786A,billing,EU
REC-8d919c5b-4760,CUST-3A5BE11E8F,identity,US-CA
REC-8d919c5b-4761,CUST-B3C5355792,support,NG
REC-8d919c5b-4762,CUST-5AA8FDE269,billing,EU
REC-8d919c5b-4763,CUST-585B35283A,identity,US-CA
REC-8d919c5b-4764,CUST-4B157109C1,support,NG
REC-8d919c5b-4765,CUST-36A625518E,billing,EU
REC-8d919c5b-4766,CUST-8C39842DC1,identity,US-CA
REC-8d919c5b-4767,CUST-B3824EAF1D,support,NG
REC-8d919c5b-4768,CUST-ECDA073876,billing,EU
REC-8d919c5b-4769,CUST-B961A0662B,identity,US-CA
REC-8d919c5b-4770,CUST-186DBED9E5,support,NG
REC-8d919c5b-4771,CUST-6F4CC303CB,billing,EU
REC-8d919c5b-4772,CUST-6A0562C09F,identity,US-CA
REC-8d919c5b-4773,CUST-0CD5ECB466,support,NG
REC-8d919c5b-4774,CUST-F3705A11F9,billing,EU
REC-8d919c5b-4775,CUST-D34863BD0E,identity,US-CA
REC-8d919c5b-4776,CUST-E7EF730F1F,support,NG
REC-8d919c5b-4777,CUST-C21E0C0636,billing,EU
REC-8d919c5b-4778,CUST-B47E6AC763,identity,US-CA
REC-8d919c5b-4779,CUST-B07EE1C2CC,support,NG
REC-8d919c5b-4780,CUST-C207281368,billing,EU
REC-8d919c5b-4781,CUST-9AEDA67DCE,identity,US-CA
REC-8d919c5b-4782,CUST-ADBBC26583,support,NG
REC-8d919c5b-4783,CUST-8D8C3D6B25,billing,EU
REC-8d919c5b-4784,CUST-E744CF3F72,identity,US-CA
REC-8d919c5b-4785,CUST-B72A5DD7F3,support,NG
REC-8d919c5b-4786,CUST-6A37AF9025,billing,EU
REC-8d919c5b-4787,CUST-423AFBA540,identity,US-CA
REC-8d919c5b-4788,CUST-A17A325664,support,NG
REC-8d919c5b-4789,CUST-DDAD80D226,billing,EU
REC-8d919c5b-4790,CUST-3DE0EAA29A,identity,US-CA
REC-8d919c5b-4791,CUST-0EB63D925E,support,NG
REC-8d919c5b-4792,CUST-7B92DB5651,billing,EU
REC-8d919c5b-4793,CUST-D5D97DAD23,identity,US-CA
REC-8d919c5b-4794,CUST-AEF777CBEA,support,NG
REC-8d919c5b-4795,CUST-325ED882FA,billing,EU
REC-8d919c5b-4796,CUST-72C87FB4C9,identity,US-CA
REC-8d919c5b-4797,CUST-F1C0C638CC,support,NG
REC-8d919c5b-4798,CUST-7603B09E94,billing,EU
REC-8d919c5b-4799,CUST-97661D2CBD,identity,US-CA
REC-8d919c5b-4800,CUST-03547C623F,support,NG
REC-8d919c5b-4801,CUST-E9125A241D,billing,EU
REC-8d919c5b-4802,CUST-AD2E75A538,identity,US-CA
REC-8d919c5b-4803,CUST-2929D5C674,support,NG
REC-8d919c5b-4804,CUST-910D768E60,billing,EU
REC-8d919c5b-4805,CUST-473DF23D65,identity,US-CA
REC-8d919c5b-4806,CUST-6BF7BCCEA3,support,NG
REC-8d919c5b-4807,CUST-A34917A68D,billing,EU
REC-8d919c5b-4808,CUST-108DCC42EE,identity,US-CA
REC-8d919c5b-4809,CUST-18A9DE685A,support,NG
REC-8d919c5b-4810,CUST-1342EB52A4,billing,EU
REC-8d919c5b-4811,CUST-81E33004E5,identity,US-CA
REC-8d919c5b-4812,CUST-AE0DF7A23A,support,NG
REC-8d919c5b-4813,CUST-51099142EE,billing,EU
REC-8d919c5b-4814,CUST-344CE60BE6,identity,US-CA
REC-8d919c5b-4815,CUST-BBE8429DB1,support,NG
REC-8d919c5b-4816,CUST-EABFB9F6A9,billing,EU
REC-8d919c5b-4817,CUST-11C699AE19,identity,US-CA
REC-8d919c5b-4818,CUST-DFDCBD57BB,support,NG
REC-8d919c5b-4819,CUST-C1D8FA1BA0,billing,EU
REC-8d919c5b-4820,CUST-A3C88CC65B,identity,US-CA
REC-8d919c5b-4821,CUST-4FF10E5B26,support,NG
REC-8d919c5b-4822,CUST-C56A0412B4,billing,EU
REC-8d919c5b-4823,CUST-57A067D4FB,identity,US-CA
REC-8d919c5b-4824,CUST-C210972F72,support,NG
REC-8d919c5b-4825,CUST-2730FF7724,billing,EU
REC-8d919c5b-4826,CUST-0569B72FC7,identity,US-CA
REC-8d919c5b-4827,CUST-8207374C65,support,NG
REC-8d919c5b-4828,CUST-C177E97A6A,billing,EU
REC-8d919c5b-4829,CUST-B56ECC69EA,identity,US-CA
REC-8d919c5b-4830,CUST-2C04C36C4B,support,NG
REC-8d919c5b-4831,CUST-FE1C45CF78,billing,EU
REC-8d919c5b-4832,CUST-CBE16F94AE,identity,US-CA
REC-8d919c5b-4833,CUST-1AC659B1DC,support,NG
REC-8d919c5b-4834,CUST-41695E77A8,billing,EU
REC-8d919c5b-4835,CUST-E982631067,identity,US-CA
REC-8d919c5b-4836,CUST-3AD2A83628,support,NG
REC-8d919c5b-4837,CUST-2DED7EB603,billing,EU
REC-8d919c5b-4838,CUST-8EDE21BCCA,identity,US-CA
REC-8d919c5b-4839,CUST-02F106BA41,support,NG
REC-8d919c5b-4840,CUST-F1E61E1F54,billing,EU
REC-8d919c5b-4841,CUST-E53D4EF6C4,identity,US-CA
REC-8d919c5b-4842,CUST-14D15788B0,support,NG
REC-8d919c5b-4843,CUST-F6D6FA678C,billing,EU
REC-8d919c5b-4844,CUST-BF25CB4C0C,identity,US-CA
REC-8d919c5b-4845,CUST-1740A30D24,support,NG
REC-8d919c5b-4846,CUST-73AD816481,billing,EU
REC-8d919c5b-4847,CUST-D2BA26C58A,identity,US-CA
REC-8d919c5b-4848,CUST-332DE2EB5A,support,NG
REC-8d919c5b-4849,CUST-DE64E6B431,billing,EU
REC-8d919c5b-4850,CUST-4C17FF7FF7,identity,US-CA
REC-8d919c5b-4851,CUST-4C62F4465A,support,NG
REC-8d919c5b-4852,CUST-FFCC4031DB,billing,EU
REC-8d919c5b-4853,CUST-98F8271A9C,identity,US-CA
REC-8d919c5b-4854,CUST-B640057669,support,NG
REC-8d919c5b-4855,CUST-826BCCDBF3,billing,EU
REC-8d919c5b-4856,CUST-0B48116727,identity,US-CA
REC-8d919c5b-4857,CUST-22CDCE756B,support,NG
REC-8d919c5b-4858,CUST-F7E93AD91B,billing,EU
REC-8d919c5b-4859,CUST-B8E39B6BCF,identity,US-CA
REC-8d919c5b-4860,CUST-021355DDED,support,NG
REC-8d919c5b-4861,CUST-696D1B51C5,billing,EU
REC-8d919c5b-4862,CUST-7D94A67C72,identity,US-CA
REC-8d919c5b-4863,CUST-EACE93A1F1,support,NG
REC-8d919c5b-4864,CUST-B8F7102F5B,billing,EU
REC-8d919c5b-4865,CUST-5CF4A579D6,identity,US-CA
REC-8d919c5b-4866,CUST-5B99F5A640,support,NG
REC-8d919c5b-4867,CUST-1C2BB43542,billing,EU
REC-8d919c5b-4868,CUST-687886E7F7,identity,US-CA
REC-8d919c5b-4869,CUST-0F9BAEB014,support,NG
REC-8d919c5b-4870,CUST-F8B8244B7E,billing,EU
REC-8d919c5b-4871,CUST-C19E1B31B0,identity,US-CA
REC-8d919c5b-4872,CUST-6C6A17E3ED,support,NG
REC-8d919c5b-4873,CUST-0BF7159492,billing,EU
REC-8d919c5b-4874,CUST-AFE99D1ECE,identity,US-CA
REC-8d919c5b-4875,CUST-83E6FD3B89,support,NG
REC-8d919c5b-4876,CUST-BAC3C2A720,billing,EU
REC-8d919c5b-4877,CUST-BA079DDD1F,identity,US-CA
REC-8d919c5b-4878,CUST-E7CD2DB3A4,support,NG
REC-8d919c5b-4879,CUST-5D08456E9F,billing,EU
REC-8d919c5b-4880,CUST-F7F00E9364,identity,US-CA
REC-8d919c5b-4881,CUST-0BF88489B3,support,NG
REC-8d919c5b-4882,CUST-EA6D49D16C,billing,EU
REC-8d919c5b-4883,CUST-E740A83897,identity,US-CA
REC-8d919c5b-4884,CUST-59293FBCE9,support,NG
REC-8d919c5b-4885,CUST-A44E145E83,billing,EU
REC-8d919c5b-4886,CUST-9460EB1E10,identity,US-CA
REC-8d919c5b-4887,CUST-3E7CC0F282,support,NG
REC-8d919c5b-4888,CUST-42E4E0008E,billing,EU
REC-8d919c5b-4889,CUST-E02D367C32,identity,US-CA
REC-8d919c5b-4890,CUST-AD15036F5E,support,NG
REC-8d919c5b-4891,CUST-F8BDAACBFC,billing,EU
REC-8d919c5b-4892,CUST-E69A03C257,identity,US-CA
REC-8d919c5b-4893,CUST-412B791A7C,support,NG
REC-8d919c5b-4894,CUST-E8233B5C5D,billing,EU
REC-8d919c5b-4895,CUST-0FA67C5F0C,identity,US-CA
REC-8d919c5b-4896,CUST-DB02E2B0CE,support,NG
REC-8d919c5b-4897,CUST-0FB5AC0727,billing,EU
REC-8d919c5b-4898,CUST-066BAC82A9,identity,US-CA
REC-8d919c5b-4899,CUST-4DE14415D8,support,NG
REC-8d919c5b-4900,CUST-B3C36B46AF,billing,EU
REC-8d919c5b-4901,CUST-81CC7F2778,identity,US-CA
REC-8d919c5b-4902,CUST-419146A079,support,NG
REC-8d919c5b-4903,CUST-49831F86AC,billing,EU
REC-8d919c5b-4904,CUST-10119D5CB1,identity,US-CA
REC-8d919c5b-4905,CUST-1B4EB85AB4,support,NG
REC-8d919c5b-4906,CUST-28C8D3B49F,billing,EU
REC-8d919c5b-4907,CUST-F9E2B5326C,identity,US-CA
REC-8d919c5b-4908,CUST-2E561A2E4D,support,NG
REC-8d919c5b-4909,CUST-8A339087D1,billing,EU
REC-8d919c5b-4910,CUST-68B0ACDAC5,identity,US-CA
REC-8d919c5b-4911,CUST-92F97F76DB,support,NG
REC-8d919c5b-4912,CUST-8605F61C15,billing,EU
REC-8d919c5b-4913,CUST-8BF7CB5A3A,identity,US-CA
REC-8d919c5b-4914,CUST-11F08AE793,support,NG
REC-8d919c5b-4915,CUST-DAA359694C,billing,EU
REC-8d919c5b-4916,CUST-462D5D8329,identity,US-CA
REC-8d919c5b-4917,CUST-2D46EA6DDA,support,NG
REC-8d919c5b-4918,CUST-64CB31CD46,billing,EU
REC-8d919c5b-4919,CUST-46F498C2E1,identity,US-CA
REC-8d919c5b-4920,CUST-B851573ACD,support,NG
REC-8d919c5b-4921,CUST-B1D952FD4F,billing,EU
REC-8d919c5b-4922,CUST-27E4662B0B,identity,US-CA
REC-8d919c5b-4923,CUST-56F87CFA97,support,NG
REC-8d919c5b-4924,CUST-533817453C,billing,EU
REC-8d919c5b-4925,CUST-B97D58B016,identity,US-CA
REC-8d919c5b-4926,CUST-7191D60D0E,support,NG
REC-8d919c5b-4927,CUST-F488205EA5,billing,EU
REC-8d919c5b-4928,CUST-5FC129E293,identity,US-CA
REC-8d919c5b-4929,CUST-3DFBE3B2A5,support,NG
REC-8d919c5b-4930,CUST-FEC0A3F484,billing,EU
REC-8d919c5b-4931,CUST-FF5F609686,identity,US-CA
REC-8d919c5b-4932,CUST-6B66A790AE,support,NG
REC-8d919c5b-4933,CUST-CBBECD952F,billing,EU
REC-8d919c5b-4934,CUST-F283A8B1FE,identity,US-CA
REC-8d919c5b-4935,CUST-1CEEAC0B66,support,NG
REC-8d919c5b-4936,CUST-92F9609C8B,billing,EU
REC-8d919c5b-4937,CUST-C01373FBA7,identity,US-CA
REC-8d919c5b-4938,CUST-7A8D4F5F64,support,NG
REC-8d919c5b-4939,CUST-0A175CBF67,billing,EU
REC-8d919c5b-4940,CUST-416C11F277,identity,US-CA
REC-8d919c5b-4941,CUST-80FBCB4F32,support,NG
REC-8d919c5b-4942,CUST-DB2F2FB547,billing,EU
REC-8d919c5b-4943,CUST-E34FB578AC,identity,US-CA
REC-8d919c5b-4944,CUST-8B2576CDCD,support,NG
REC-8d919c5b-4945,CUST-4775E8B116,billing,EU
REC-8d919c5b-4946,CUST-0BBAE34405,identity,US-CA
REC-8d919c5b-4947,CUST-900299B893,support,NG
REC-8d919c5b-4948,CUST-98DD78B866,billing,EU
REC-8d919c5b-4949,CUST-6D3AE6D936,identity,US-CA
REC-8d919c5b-4950,CUST-24FA6C53D5,support,NG
REC-8d919c5b-4951,CUST-2C7E5144F6,billing,EU
REC-8d919c5b-4952,CUST-1AD45F4021,identity,US-CA
REC-8d919c5b-4953,CUST-1B94B682ED,support,NG
REC-8d919c5b-4954,CUST-D8D2099D2F,billing,EU
REC-8d919c5b-4955,CUST-034AB17975,identity,US-CA
REC-8d919c5b-4956,CUST-EF68E768A2,support,NG
REC-8d919c5b-4957,CUST-4D67EF1CBA,billing,EU
REC-8d919c5b-4958,CUST-CAD2D15227,identity,US-CA
REC-8d919c5b-4959,CUST-4436E521F7,support,NG
REC-8d919c5b-4960,CUST-5043B932E7,billing,EU
REC-8d919c5b-4961,CUST-BE684D2465,identity,US-CA
REC-8d919c5b-4962,CUST-73407906AB,support,NG
REC-8d919c5b-4963,CUST-10BB9BD7CF,billing,EU
REC-8d919c5b-4964,CUST-1B964CA79D,identity,US-CA
REC-8d919c5b-4965,CUST-FB6383CF0C,support,NG
REC-8d919c5b-4966,CUST-D9A33BDCD5,billing,EU
REC-8d919c5b-4967,CUST-AB5B84C6F3,identity,US-CA
REC-8d919c5b-4968,CUST-AD9A6A57F1,support,NG
REC-8d919c5b-4969,CUST-416D354EF1,billing,EU
REC-8d919c5b-4970,CUST-5BCA896E0A,identity,US-CA
REC-8d919c5b-4971,CUST-8E7330AC3A,support,NG
REC-8d919c5b-4972,CUST-F149EDFB08,billing,EU
REC-8d919c5b-4973,CUST-04BF81C7C7,identity,US-CA
REC-8d919c5b-4974,CUST-FDCC696B60,support,NG
REC-8d919c5b-4975,CUST-587EEAEC82,billing,EU
REC-8d919c5b-4976,CUST-CBB6FA368D,identity,US-CA
REC-8d919c5b-4977,CUST-EC0B272B72,support,NG
REC-8d919c5b-4978,CUST-9327D4B920,billing,EU
REC-8d919c5b-4979,CUST-12140E5527,identity,US-CA
REC-8d919c5b-4980,CUST-89F7E58312,support,NG
REC-8d919c5b-4981,CUST-32B089723F,billing,EU
REC-8d919c5b-4982,CUST-D351A3E9CB,identity,US-CA
REC-8d919c5b-4983,CUST-513ECFAEB8,support,NG
REC-8d919c5b-4984,CUST-A69D0C4584,billing,EU
REC-8d919c5b-4985,CUST-5321BF43C2,identity,US-CA
REC-8d919c5b-4986,CUST-B8F0A7CC47,support,NG
REC-8d919c5b-4987,CUST-152071D850,billing,EU
REC-8d919c5b-4988,CUST-2FE92F2867,identity,US-CA
REC-8d919c5b-4989,CUST-7F5D499DFD,support,NG
REC-8d919c5b-4990,CUST-8693A9ED5E,billing,EU
REC-8d919c5b-4991,CUST-1C64644074,identity,US-CA
REC-8d919c5b-4992,CUST-87C4C4A9A5,support,NG
REC-8d919c5b-4993,CUST-63B2AB17B6,billing,EU
REC-8d919c5b-4994,CUST-DF1BDE1D6F,identity,US-CA
REC-8d919c5b-4995,CUST-9C8075A4DF,support,NG
REC-8d919c5b-4996,CUST-F0E239F650,billing,EU
REC-8d919c5b-4997,CUST-24797A97C9,identity,US-CA
REC-8d919c5b-4998,CUST-D87D3E2DF1,support,NG
REC-8d919c5b-4999,CUST-63286ED8EF,billing,EU
REC-8d919c5b-5000,CUST-4C25F74AE5,identity,US-CA
REC-8d919c5b-5001,CUST-F3F5E6EF71,support,NG
REC-8d919c5b-5002,CUST-8BA34C7356,billing,EU
REC-8d919c5b-5003,CUST-135DC293BF,identity,US-CA
REC-8d919c5b-5004,CUST-B331CBEF22,support,NG
REC-8d919c5b-5005,CUST-C33D840479,billing,EU
REC-8d919c5b-5006,CUST-6C41A54897,identity,US-CA
REC-8d919c5b-5007,CUST-D879894F84,support,NG
REC-8d919c5b-5008,CUST-20F07A5A79,billing,EU
REC-8d919c5b-5009,CUST-E3490EC9B5,identity,US-CA
REC-8d919c5b-5010,CUST-17C8B65C8E,support,NG
REC-8d919c5b-5011,CUST-F46306F179,billing,EU
REC-8d919c5b-5012,CUST-C4FF643100,identity,US-CA
REC-8d919c5b-5013,CUST-6FC6A02B57,support,NG
REC-8d919c5b-5014,CUST-5F4DD56A26,billing,EU
REC-8d919c5b-5015,CUST-BFAD43602C,identity,US-CA
REC-8d919c5b-5016,CUST-F3DC967580,support,NG
REC-8d919c5b-5017,CUST-2619DE890E,billing,EU
REC-8d919c5b-5018,CUST-0C2B7DA38E,identity,US-CA
REC-8d919c5b-5019,CUST-4FDD310F02,support,NG
REC-8d919c5b-5020,CUST-DA96F509E9,billing,EU
REC-8d919c5b-5021,CUST-593B2AE814,identity,US-CA
REC-8d919c5b-5022,CUST-3F414DE95F,support,NG
REC-8d919c5b-5023,CUST-23D4121938,billing,EU
REC-8d919c5b-5024,CUST-602C01CF69,identity,US-CA
REC-8d919c5b-5025,CUST-8B480B967D,support,NG
REC-8d919c5b-5026,CUST-288C970C41,billing,EU
REC-8d919c5b-5027,CUST-B6445D588C,identity,US-CA
REC-8d919c5b-5028,CUST-E8D65CAEC2,support,NG
REC-8d919c5b-5029,CUST-1CC8BCC373,billing,EU
REC-8d919c5b-5030,CUST-21C92A89BA,identity,US-CA
REC-8d919c5b-5031,CUST-F221B5CC90,support,NG
REC-8d919c5b-5032,CUST-541147A09C,billing,EU
REC-8d919c5b-5033,CUST-11B5FD62D7,identity,US-CA
REC-8d919c5b-5034,CUST-17FA1AA217,support,NG
REC-8d919c5b-5035,CUST-B0B878CDD1,billing,EU
REC-8d919c5b-5036,CUST-D273C4122F,identity,US-CA
REC-8d919c5b-5037,CUST-444E344BC2,support,NG
REC-8d919c5b-5038,CUST-6DD22FE202,billing,EU
REC-8d919c5b-5039,CUST-8F7599B637,identity,US-CA
REC-8d919c5b-5040,CUST-1A94780E83,support,NG
REC-8d919c5b-5041,CUST-78FF5015F3,billing,EU
REC-8d919c5b-5042,CUST-7752440B9D,identity,US-CA
REC-8d919c5b-5043,CUST-AB4BC5EED4,support,NG
REC-8d919c5b-5044,CUST-F515FEF93B,billing,EU
REC-8d919c5b-5045,CUST-D4C99C342F,identity,US-CA
REC-8d919c5b-5046,CUST-E268867371,support,NG
REC-8d919c5b-5047,CUST-2F5D303859,billing,EU
REC-8d919c5b-5048,CUST-1B97F847AD,identity,US-CA
REC-8d919c5b-5049,CUST-E2E75B4B2E,support,NG
REC-8d919c5b-5050,CUST-347DC47A7B,billing,EU
REC-8d919c5b-5051,CUST-953A123475,identity,US-CA
REC-8d919c5b-5052,CUST-81E95189A9,support,NG
REC-8d919c5b-5053,CUST-FF00D7D9DE,billing,EU
REC-8d919c5b-5054,CUST-6ADCE28069,identity,US-CA
REC-8d919c5b-5055,CUST-09C53BB0A4,support,NG
REC-8d919c5b-5056,CUST-5DADF0D65B,billing,EU
REC-8d919c5b-5057,CUST-9422FAA1B7,identity,US-CA
REC-8d919c5b-5058,CUST-BE85C44F71,support,NG
REC-8d919c5b-5059,CUST-D671285FC3,billing,EU
REC-8d919c5b-5060,CUST-4F435F219C,identity,US-CA
REC-8d919c5b-5061,CUST-B930C2C12D,support,NG
REC-8d919c5b-5062,CUST-B1EE5AA0F7,billing,EU
REC-8d919c5b-5063,CUST-176D9427DF,identity,US-CA
REC-8d919c5b-5064,CUST-D938A094E3,support,NG
REC-8d919c5b-5065,CUST-3891486C44,billing,EU
REC-8d919c5b-5066,CUST-D0FE0EF04D,identity,US-CA
REC-8d919c5b-5067,CUST-606E92D481,support,NG
REC-8d919c5b-5068,CUST-77B25C45C7,billing,EU
REC-8d919c5b-5069,CUST-B88D873992,identity,US-CA
REC-8d919c5b-5070,CUST-D80C724242,support,NG
REC-8d919c5b-5071,CUST-6C5E60EC97,billing,EU
REC-8d919c5b-5072,CUST-9A5DADA413,identity,US-CA
REC-8d919c5b-5073,CUST-2DA0BDA8D7,support,NG
REC-8d919c5b-5074,CUST-C1F5E48DAF,billing,EU
REC-8d919c5b-5075,CUST-ADDCC2358A,identity,US-CA
REC-8d919c5b-5076,CUST-AB252D9C4C,support,NG
REC-8d919c5b-5077,CUST-5432BF6B05,billing,EU
REC-8d919c5b-5078,CUST-E2D90CADD3,identity,US-CA
REC-8d919c5b-5079,CUST-0A873CEEBC,support,NG
REC-8d919c5b-5080,CUST-FE164F8394,billing,EU
REC-8d919c5b-5081,CUST-16865E5D7F,identity,US-CA
REC-8d919c5b-5082,CUST-13DA9538AD,support,NG
REC-8d919c5b-5083,CUST-A03A3442E5,billing,EU
REC-8d919c5b-5084,CUST-3077616BE1,identity,US-CA
REC-8d919c5b-5085,CUST-3517C2225B,support,NG
REC-8d919c5b-5086,CUST-660DAE6C32,billing,EU
REC-8d919c5b-5087,CUST-F60E226A2C,identity,US-CA
REC-8d919c5b-5088,CUST-21EBB96C2E,support,NG
REC-8d919c5b-5089,CUST-9F870C3E99,billing,EU
REC-8d919c5b-5090,CUST-12828A16F1,identity,US-CA
REC-8d919c5b-5091,CUST-F5418A9013,support,NG
REC-8d919c5b-5092,CUST-E9CCEA82EA,billing,EU
REC-8d919c5b-5093,CUST-1EA8CC91B2,identity,US-CA
REC-8d919c5b-5094,CUST-469E0C93DD,support,NG
REC-8d919c5b-5095,CUST-3DA5FB0E32,billing,EU
REC-8d919c5b-5096,CUST-60082BDF3E,identity,US-CA
REC-8d919c5b-5097,CUST-EB20BF00FB,support,NG
REC-8d919c5b-5098,CUST-38F6E0906B,billing,EU
REC-8d919c5b-5099,CUST-0FF540D446,identity,US-CA
REC-8d919c5b-5100,CUST-A415378AE6,support,NG
REC-8d919c5b-5101,CUST-1E2CCBAD55,billing,EU
REC-8d919c5b-5102,CUST-A4FC9CB235,identity,US-CA
REC-8d919c5b-5103,CUST-CAA79FF113,support,NG
REC-8d919c5b-5104,CUST-F1EE61BC42,billing,EU
REC-8d919c5b-5105,CUST-D6F57D9BC4,identity,US-CA
REC-8d919c5b-5106,CUST-C0D2EB2A0E,support,NG
REC-8d919c5b-5107,CUST-9CEE87C34C,billing,EU
REC-8d919c5b-5108,CUST-071EC8BFC9,identity,US-CA
REC-8d919c5b-5109,CUST-5442C36758,support,NG
REC-8d919c5b-5110,CUST-5774F0719D,billing,EU
REC-8d919c5b-5111,CUST-E1B8AEF0AC,identity,US-CA
REC-8d919c5b-5112,CUST-9D8B2AF626,support,NG
REC-8d919c5b-5113,CUST-242EC0694B,billing,EU
REC-8d919c5b-5114,CUST-258D12AF36,identity,US-CA
REC-8d919c5b-5115,CUST-CE1D880F7D,support,NG
REC-8d919c5b-5116,CUST-C0D7FC3EF0,billing,EU
REC-8d919c5b-5117,CUST-0B3E2431FF,identity,US-CA
REC-8d919c5b-5118,CUST-622CABA1D0,support,NG
REC-8d919c5b-5119,CUST-C9F32B66AC,billing,EU
REC-8d919c5b-5120,CUST-92929BF649,identity,US-CA
REC-8d919c5b-5121,CUST-944246C9E3,support,NG
REC-8d919c5b-5122,CUST-D279D3F4D5,billing,EU
REC-8d919c5b-5123,CUST-6F48C78BFB,identity,US-CA
REC-8d919c5b-5124,CUST-82EC7EA849,support,NG
REC-8d919c5b-5125,CUST-B7924B9863,billing,EU
REC-8d919c5b-5126,CUST-5396F48917,identity,US-CA
REC-8d919c5b-5127,CUST-AE6949119B,support,NG
REC-8d919c5b-5128,CUST-C5BE3573E8,billing,EU
REC-8d919c5b-5129,CUST-A20E04D7A2,identity,US-CA
REC-8d919c5b-5130,CUST-459E4C1FA4,support,NG
REC-8d919c5b-5131,CUST-99D6B9A38D,billing,EU
REC-8d919c5b-5132,CUST-3B801AA216,identity,US-CA
REC-8d919c5b-5133,CUST-B9994A28CC,support,NG
REC-8d919c5b-5134,CUST-280230BD2D,billing,EU
REC-8d919c5b-5135,CUST-55F95DAAE6,identity,US-CA
REC-8d919c5b-5136,CUST-FE2CA37544,support,NG
REC-8d919c5b-5137,CUST-390B1FDC7F,billing,EU
